# Procedural Drosophila melanogaster brain template (FlyWire-style)
# Axes: +X lateral, +Y dorsal, +Z anterior.
# Generated from subdivided icosahedra for volumetric point sampling.
o CentralBrain
s 1
v -0.273380 0.382718 -0.020000
v 0.273380 0.382718 -0.020000
v -0.273380 -0.342718 -0.020000
v 0.273380 -0.342718 -0.020000
v 0.000000 -0.204172 0.298484
v 0.000000 0.244172 0.298484
v 0.000000 -0.204172 -0.338484
v 0.000000 0.244172 -0.338484
v 0.442338 0.020000 -0.216834
v 0.442338 0.020000 0.176834
v -0.442338 0.020000 -0.216834
v -0.442338 0.020000 0.176834
v -0.420689 0.233200 0.095696
v -0.260000 0.151765 0.282896
v -0.160689 0.364965 0.167200
v 0.160689 0.364965 0.167200
v 0.000000 0.446400 -0.020000
v 0.160689 0.364965 -0.207200
v -0.160689 0.364965 -0.207200
v -0.260000 0.151765 -0.322896
v -0.420689 0.233200 -0.135696
v -0.520000 0.020000 -0.020000
v 0.260000 0.151765 0.282896
v 0.420689 0.233200 0.095696
v -0.260000 -0.111765 0.282896
v 0.000000 0.020000 0.354400
v -0.420689 -0.193200 -0.135696
v -0.420689 -0.193200 0.095696
v 0.000000 0.020000 -0.394400
v -0.260000 -0.111765 -0.322896
v 0.420689 0.233200 -0.135696
v 0.260000 0.151765 -0.322896
v 0.420689 -0.193200 0.095696
v 0.260000 -0.111765 0.282896
v 0.160689 -0.324965 0.167200
v -0.160689 -0.324965 0.167200
v 0.000000 -0.406400 -0.020000
v -0.160689 -0.324965 -0.207200
v 0.160689 -0.324965 -0.207200
v 0.260000 -0.111765 -0.322896
v 0.420689 -0.193200 -0.135696
v 0.520000 0.020000 -0.020000
v -0.360766 0.319353 0.040137
v -0.305648 0.313445 0.139242
v -0.225622 0.387842 0.077304
v -0.365064 0.088489 0.239751
v -0.357859 0.201359 0.200067
v -0.448588 0.130818 0.142448
v -0.083523 0.315828 0.242846
v -0.221169 0.270632 0.237659
v -0.135144 0.205010 0.302983
v -0.084479 0.425530 0.078417
v -0.142099 0.430171 -0.020000
v 0.083523 0.315828 0.242846
v 0.000000 0.382718 0.176834
v 0.142099 0.430171 -0.020000
v 0.084479 0.425530 0.078417
v 0.225622 0.387842 0.077304
v -0.084479 0.425530 -0.118417
v -0.225622 0.387842 -0.117304
v 0.225622 0.387842 -0.117304
v 0.084479 0.425530 -0.118417
v -0.083523 0.315828 -0.282846
v 0.000000 0.382718 -0.216834
v 0.083523 0.315828 -0.282846
v -0.305648 0.313445 -0.179242
v -0.360766 0.319353 -0.080137
v -0.135144 0.205010 -0.342983
v -0.221169 0.270632 -0.277659
v -0.448588 0.130818 -0.182448
v -0.357859 0.201359 -0.240067
v -0.365064 0.088489 -0.279751
v -0.442338 0.244172 -0.020000
v -0.500208 0.020000 -0.122311
v -0.494549 0.132086 -0.080825
v -0.494549 0.132086 0.040825
v -0.500208 0.020000 0.082311
v 0.305648 0.313445 0.139242
v 0.360766 0.319353 0.040137
v 0.135144 0.205010 0.302983
v 0.221169 0.270632 0.237659
v 0.448588 0.130818 0.142448
v 0.357859 0.201359 0.200067
v 0.365064 0.088489 0.239751
v -0.136690 0.089273 0.336076
v 0.000000 0.136521 0.340150
v -0.365064 -0.048489 0.239751
v -0.273380 0.020000 0.298484
v 0.000000 -0.096521 0.340150
v -0.136690 -0.049273 0.336076
v -0.135144 -0.165010 0.302983
v -0.494549 -0.092086 0.040825
v -0.448588 -0.090818 0.142448
v -0.448588 -0.090818 -0.182448
v -0.494549 -0.092086 -0.080825
v -0.360766 -0.279353 0.040137
v -0.442338 -0.204172 -0.020000
v -0.360766 -0.279353 -0.080137
v -0.273380 0.020000 -0.338484
v -0.365064 -0.048489 -0.279751
v 0.000000 0.136521 -0.380150
v -0.136690 0.089273 -0.376076
v -0.135144 -0.165010 -0.342983
v -0.136690 -0.049273 -0.376076
v 0.000000 -0.096521 -0.380150
v 0.221169 0.270632 -0.277659
v 0.135144 0.205010 -0.342983
v 0.360766 0.319353 -0.080137
v 0.305648 0.313445 -0.179242
v 0.365064 0.088489 -0.279751
v 0.357859 0.201359 -0.240067
v 0.448588 0.130818 -0.182448
v 0.360766 -0.279353 0.040137
v 0.305648 -0.273445 0.139242
v 0.225622 -0.347842 0.077304
v 0.365064 -0.048489 0.239751
v 0.357859 -0.161359 0.200067
v 0.448588 -0.090818 0.142448
v 0.083523 -0.275828 0.242846
v 0.221169 -0.230632 0.237659
v 0.135144 -0.165010 0.302983
v 0.084479 -0.385530 0.078417
v 0.142099 -0.390171 -0.020000
v -0.083523 -0.275828 0.242846
v 0.000000 -0.342718 0.176834
v -0.142099 -0.390171 -0.020000
v -0.084479 -0.385530 0.078417
v -0.225622 -0.347842 0.077304
v 0.084479 -0.385530 -0.118417
v 0.225622 -0.347842 -0.117304
v -0.225622 -0.347842 -0.117304
v -0.084479 -0.385530 -0.118417
v 0.083523 -0.275828 -0.282846
v 0.000000 -0.342718 -0.216834
v -0.083523 -0.275828 -0.282846
v 0.305648 -0.273445 -0.179242
v 0.360766 -0.279353 -0.080137
v 0.135144 -0.165010 -0.342983
v 0.221169 -0.230632 -0.277659
v 0.448588 -0.090818 -0.182448
v 0.357859 -0.161359 -0.240067
v 0.365064 -0.048489 -0.279751
v 0.442338 -0.204172 -0.020000
v 0.500208 0.020000 -0.122311
v 0.494549 -0.092086 -0.080825
v 0.494549 -0.092086 0.040825
v 0.500208 0.020000 0.082311
v 0.136690 -0.049273 0.336076
v 0.273380 0.020000 0.298484
v 0.136690 0.089273 0.336076
v -0.305648 -0.273445 0.139242
v -0.221169 -0.230632 0.237659
v -0.357859 -0.161359 0.200067
v -0.221169 -0.230632 -0.277659
v -0.305648 -0.273445 -0.179242
v -0.357859 -0.161359 -0.240067
v 0.273380 0.020000 -0.338484
v 0.136690 -0.049273 -0.376076
v 0.136690 0.089273 -0.376076
v 0.494549 0.132086 0.040825
v 0.494549 0.132086 -0.080825
v 0.442338 0.244172 -0.020000
v -0.320134 0.354231 0.010359
v -0.297051 0.357986 0.059756
v -0.251910 0.388806 0.029121
v -0.367696 0.276480 0.119182
v -0.336654 0.319465 0.090824
v -0.394499 0.278750 0.068765
v -0.195020 0.379844 0.123625
v -0.268383 0.354064 0.109600
v -0.236075 0.343184 0.155380
v -0.407598 0.054575 0.210496
v -0.412178 0.110833 0.193877
v -0.449763 0.075944 0.161375
v -0.312780 0.178513 0.244741
v -0.365201 0.146216 0.222391
v -0.315549 0.121094 0.264039
v -0.438834 0.183573 0.120414
v -0.407395 0.167600 0.173236
v -0.394126 0.219738 0.149974
v -0.042165 0.282510 0.273471
v -0.110772 0.263582 0.276768
v -0.068224 0.226566 0.303830
v -0.193309 0.321510 0.205202
v -0.153922 0.296056 0.242945
v -0.123285 0.343489 0.207195
v -0.199479 0.179916 0.295960
v -0.180000 0.240074 0.273324
v -0.243584 0.213582 0.263771
v -0.336220 0.260598 0.172208
v -0.293412 0.238903 0.222079
v -0.266955 0.295701 0.191257
v -0.186279 0.414123 0.029292
v -0.209745 0.410175 -0.020000
v -0.124112 0.399925 0.124589
v -0.156655 0.410687 0.078873
v -0.071735 0.442323 -0.020000
v -0.114461 0.432070 0.029718
v -0.042766 0.441150 0.029822
v 0.042165 0.282510 0.273471
v 0.000000 0.319720 0.246304
v 0.081346 0.378252 0.174410
v 0.042194 0.352679 0.212218
v 0.123285 0.343489 0.207195
v -0.042194 0.352679 0.212218
v -0.081346 0.378252 0.174410
v 0.209745 0.410175 -0.020000
v 0.186279 0.414123 0.029292
v 0.251910 0.388806 0.029121
v 0.042766 0.441150 0.029822
v 0.114461 0.432070 0.029718
v 0.071735 0.442323 -0.020000
v 0.195020 0.379844 0.123625
v 0.156655 0.410687 0.078873
v 0.124112 0.399925 0.124589
v -0.042808 0.409296 0.129613
v 0.042808 0.409296 0.129613
v 0.000000 0.430990 0.079742
v -0.186279 0.414123 -0.069292
v -0.251910 0.388806 -0.069121
v -0.042766 0.441150 -0.069822
v -0.114461 0.432070 -0.069718
v -0.195020 0.379844 -0.163625
v -0.156655 0.410687 -0.118873
v -0.124112 0.399925 -0.164589
v 0.251910 0.388806 -0.069121
v 0.186279 0.414123 -0.069292
v 0.124112 0.399925 -0.164589
v 0.156655 0.410687 -0.118873
v 0.195020 0.379844 -0.163625
v 0.114461 0.432070 -0.069718
v 0.042766 0.441150 -0.069822
v -0.042165 0.282510 -0.313471
v 0.000000 0.319720 -0.286304
v 0.042165 0.282510 -0.313471
v -0.081346 0.378252 -0.214410
v -0.042194 0.352679 -0.252218
v -0.123285 0.343489 -0.247195
v 0.123285 0.343489 -0.247195
v 0.042194 0.352679 -0.252218
v 0.081346 0.378252 -0.214410
v 0.000000 0.430990 -0.119742
v 0.042808 0.409296 -0.169613
v -0.042808 0.409296 -0.169613
v -0.297051 0.357986 -0.099756
v -0.320134 0.354231 -0.050359
v -0.236075 0.343184 -0.195380
v -0.268383 0.354064 -0.149600
v -0.394499 0.278750 -0.108765
v -0.336654 0.319465 -0.130824
v -0.367696 0.276480 -0.159182
v -0.068224 0.226566 -0.343830
v -0.110772 0.263582 -0.316768
v -0.243584 0.213582 -0.303771
v -0.180000 0.240074 -0.313324
v -0.199479 0.179916 -0.335960
v -0.153922 0.296056 -0.282945
v -0.193309 0.321510 -0.245202
v -0.449763 0.075944 -0.201375
v -0.412178 0.110833 -0.233877
v -0.407598 0.054575 -0.250496
v -0.394126 0.219738 -0.189974
v -0.407395 0.167600 -0.213236
v -0.438834 0.183573 -0.160414
v -0.315549 0.121094 -0.304039
v -0.365201 0.146216 -0.262391
v -0.312780 0.178513 -0.284741
v -0.266955 0.295701 -0.231257
v -0.293412 0.238903 -0.262079
v -0.336220 0.260598 -0.212208
v -0.365512 0.323291 -0.020000
v -0.436893 0.241412 -0.078569
v -0.405706 0.284470 -0.050380
v -0.405706 0.284470 0.010380
v -0.436893 0.241412 0.038569
v -0.475823 0.020000 -0.171016
v -0.480638 0.076138 -0.154121
v -0.513598 0.076742 -0.050792
v -0.502524 0.076623 -0.102412
v -0.515028 0.020000 -0.071649
v -0.476447 0.132605 -0.132791
v -0.463323 0.184670 -0.109361
v -0.480638 0.076138 0.114121
v -0.475823 0.020000 0.131016
v -0.463323 0.184670 0.069361
v -0.476447 0.132605 0.092791
v -0.515028 0.020000 0.031649
v -0.502524 0.076623 0.062412
v -0.513598 0.076742 0.010792
v -0.474751 0.190392 -0.050822
v -0.501208 0.133595 -0.020000
v -0.474751 0.190392 0.010822
v 0.297051 0.357986 0.059756
v 0.320134 0.354231 0.010359
v 0.236075 0.343184 0.155380
v 0.268383 0.354064 0.109600
v 0.394499 0.278750 0.068765
v 0.336654 0.319465 0.090824
v 0.367696 0.276480 0.119182
v 0.068224 0.226566 0.303830
v 0.110772 0.263582 0.276768
v 0.243584 0.213582 0.263771
v 0.180000 0.240074 0.273324
v 0.199479 0.179916 0.295960
v 0.153922 0.296056 0.242945
v 0.193309 0.321510 0.205202
v 0.449763 0.075944 0.161375
v 0.412178 0.110833 0.193877
v 0.407598 0.054575 0.210496
v 0.394126 0.219738 0.149974
v 0.407395 0.167600 0.173236
v 0.438834 0.183573 0.120414
v 0.315549 0.121094 0.264039
v 0.365201 0.146216 0.222391
v 0.312780 0.178513 0.244741
v 0.266955 0.295701 0.191257
v 0.293412 0.238903 0.222079
v 0.336220 0.260598 0.172208
v -0.068461 0.172749 0.326060
v 0.000000 0.191991 0.322592
v -0.200817 0.121772 0.313593
v -0.137323 0.148457 0.323042
v 0.000000 0.078823 0.350820
v -0.069052 0.113858 0.341817
v -0.069197 0.055068 0.349791
v -0.407598 -0.014575 0.210496
v -0.369867 0.020000 0.243168
v -0.270014 -0.046704 0.294563
v -0.322525 -0.014599 0.272109
v -0.315549 -0.081094 0.264039
v -0.322525 0.054599 0.272109
v -0.270014 0.086704 0.294563
v 0.000000 -0.151991 0.322592
v -0.068461 -0.132749 0.326060
v -0.068224 -0.186566 0.303830
v -0.069197 -0.015068 0.349791
v -0.069052 -0.073858 0.341817
v 0.000000 -0.038823 0.350820
v -0.199479 -0.139916 0.295960
v -0.137323 -0.108457 0.323042
v -0.200817 -0.081772 0.313593
v -0.207796 0.055103 0.321821
v -0.207796 -0.015103 0.321821
v -0.138530 0.020000 0.340870
v -0.480638 -0.036138 0.114121
v -0.449763 -0.035944 0.161375
v -0.513598 -0.036742 0.010792
v -0.502524 -0.036623 0.062412
v -0.438834 -0.143573 0.120414
v -0.476447 -0.092605 0.092791
v -0.463323 -0.144670 0.069361
v -0.449763 -0.035944 -0.201375
v -0.480638 -0.036138 -0.154121
v -0.463323 -0.144670 -0.109361
v -0.476447 -0.092605 -0.132791
v -0.438834 -0.143573 -0.160414
v -0.502524 -0.036623 -0.102412
v -0.513598 -0.036742 -0.050792
v -0.320134 -0.314231 0.010359
v -0.365512 -0.283291 -0.020000
v -0.320134 -0.314231 -0.050359
v -0.436893 -0.201412 0.038569
v -0.405706 -0.244470 0.010380
v -0.394499 -0.238750 0.068765
v -0.394499 -0.238750 -0.108765
v -0.405706 -0.244470 -0.050380
v -0.436893 -0.201412 -0.078569
v -0.501208 -0.093595 -0.020000
v -0.474751 -0.150392 -0.050822
v -0.474751 -0.150392 0.010822
v -0.369867 0.020000 -0.283168
v -0.407598 -0.014575 -0.250496
v -0.270014 0.086704 -0.334563
v -0.322525 0.054599 -0.312109
v -0.315549 -0.081094 -0.304039
v -0.322525 -0.014599 -0.312109
v -0.270014 -0.046704 -0.334563
v 0.000000 0.191991 -0.362592
v -0.068461 0.172749 -0.366060
v -0.069197 0.055068 -0.389791
v -0.069052 0.113858 -0.381817
v 0.000000 0.078823 -0.390820
v -0.137323 0.148457 -0.363042
v -0.200817 0.121772 -0.353593
v -0.068224 -0.186566 -0.343830
v -0.068461 -0.132749 -0.366060
v 0.000000 -0.151991 -0.362592
v -0.200817 -0.081772 -0.353593
v -0.137323 -0.108457 -0.363042
v -0.199479 -0.139916 -0.335960
v 0.000000 -0.038823 -0.390820
v -0.069052 -0.073858 -0.381817
v -0.069197 -0.015068 -0.389791
v -0.207796 0.055103 -0.361821
v -0.138530 0.020000 -0.380870
v -0.207796 -0.015103 -0.361821
v 0.110772 0.263582 -0.316768
v 0.068224 0.226566 -0.343830
v 0.193309 0.321510 -0.245202
v 0.153922 0.296056 -0.282945
v 0.199479 0.179916 -0.335960
v 0.180000 0.240074 -0.313324
v 0.243584 0.213582 -0.303771
v 0.320134 0.354231 -0.050359
v 0.297051 0.357986 -0.099756
v 0.367696 0.276480 -0.159182
v 0.336654 0.319465 -0.130824
v 0.394499 0.278750 -0.108765
v 0.268383 0.354064 -0.149600
v 0.236075 0.343184 -0.195380
v 0.407598 0.054575 -0.250496
v 0.412178 0.110833 -0.233877
v 0.449763 0.075944 -0.201375
v 0.312780 0.178513 -0.284741
v 0.365201 0.146216 -0.262391
v 0.315549 0.121094 -0.304039
v 0.438834 0.183573 -0.160414
v 0.407395 0.167600 -0.213236
v 0.394126 0.219738 -0.189974
v 0.266955 0.295701 -0.231257
v 0.336220 0.260598 -0.212208
v 0.293412 0.238903 -0.262079
v 0.320134 -0.314231 0.010359
v 0.297051 -0.317986 0.059756
v 0.251910 -0.348806 0.029121
v 0.367696 -0.236480 0.119182
v 0.336654 -0.279465 0.090824
v 0.394499 -0.238750 0.068765
v 0.195020 -0.339844 0.123625
v 0.268383 -0.314064 0.109600
v 0.236075 -0.303184 0.155380
v 0.407598 -0.014575 0.210496
v 0.412178 -0.070833 0.193877
v 0.449763 -0.035944 0.161375
v 0.312780 -0.138513 0.244741
v 0.365201 -0.106216 0.222391
v 0.315549 -0.081094 0.264039
v 0.438834 -0.143573 0.120414
v 0.407395 -0.127600 0.173236
v 0.394126 -0.179738 0.149974
v 0.042165 -0.242510 0.273471
v 0.110772 -0.223582 0.276768
v 0.068224 -0.186566 0.303830
v 0.193309 -0.281510 0.205202
v 0.153922 -0.256056 0.242945
v 0.123285 -0.303489 0.207195
v 0.199479 -0.139916 0.295960
v 0.180000 -0.200074 0.273324
v 0.243584 -0.173582 0.263771
v 0.336220 -0.220598 0.172208
v 0.293412 -0.198903 0.222079
v 0.266955 -0.255701 0.191257
v 0.186279 -0.374123 0.029292
v 0.209745 -0.370175 -0.020000
v 0.124112 -0.359925 0.124589
v 0.156655 -0.370687 0.078873
v 0.071735 -0.402323 -0.020000
v 0.114461 -0.392070 0.029718
v 0.042766 -0.401150 0.029822
v -0.042165 -0.242510 0.273471
v 0.000000 -0.279720 0.246304
v -0.081346 -0.338252 0.174410
v -0.042194 -0.312679 0.212218
v -0.123285 -0.303489 0.207195
v 0.042194 -0.312679 0.212218
v 0.081346 -0.338252 0.174410
v -0.209745 -0.370175 -0.020000
v -0.186279 -0.374123 0.029292
v -0.251910 -0.348806 0.029121
v -0.042766 -0.401150 0.029822
v -0.114461 -0.392070 0.029718
v -0.071735 -0.402323 -0.020000
v -0.195020 -0.339844 0.123625
v -0.156655 -0.370687 0.078873
v -0.124112 -0.359925 0.124589
v 0.042808 -0.369296 0.129613
v -0.042808 -0.369296 0.129613
v 0.000000 -0.390990 0.079742
v 0.186279 -0.374123 -0.069292
v 0.251910 -0.348806 -0.069121
v 0.042766 -0.401150 -0.069822
v 0.114461 -0.392070 -0.069718
v 0.195020 -0.339844 -0.163625
v 0.156655 -0.370687 -0.118873
v 0.124112 -0.359925 -0.164589
v -0.251910 -0.348806 -0.069121
v -0.186279 -0.374123 -0.069292
v -0.124112 -0.359925 -0.164589
v -0.156655 -0.370687 -0.118873
v -0.195020 -0.339844 -0.163625
v -0.114461 -0.392070 -0.069718
v -0.042766 -0.401150 -0.069822
v 0.042165 -0.242510 -0.313471
v 0.000000 -0.279720 -0.286304
v -0.042165 -0.242510 -0.313471
v 0.081346 -0.338252 -0.214410
v 0.042194 -0.312679 -0.252218
v 0.123285 -0.303489 -0.247195
v -0.123285 -0.303489 -0.247195
v -0.042194 -0.312679 -0.252218
v -0.081346 -0.338252 -0.214410
v 0.000000 -0.390990 -0.119742
v -0.042808 -0.369296 -0.169613
v 0.042808 -0.369296 -0.169613
v 0.297051 -0.317986 -0.099756
v 0.320134 -0.314231 -0.050359
v 0.236075 -0.303184 -0.195380
v 0.268383 -0.314064 -0.149600
v 0.394499 -0.238750 -0.108765
v 0.336654 -0.279465 -0.130824
v 0.367696 -0.236480 -0.159182
v 0.068224 -0.186566 -0.343830
v 0.110772 -0.223582 -0.316768
v 0.243584 -0.173582 -0.303771
v 0.180000 -0.200074 -0.313324
v 0.199479 -0.139916 -0.335960
v 0.153922 -0.256056 -0.282945
v 0.193309 -0.281510 -0.245202
v 0.449763 -0.035944 -0.201375
v 0.412178 -0.070833 -0.233877
v 0.407598 -0.014575 -0.250496
v 0.394126 -0.179738 -0.189974
v 0.407395 -0.127600 -0.213236
v 0.438834 -0.143573 -0.160414
v 0.315549 -0.081094 -0.304039
v 0.365201 -0.106216 -0.262391
v 0.312780 -0.138513 -0.284741
v 0.266955 -0.255701 -0.231257
v 0.293412 -0.198903 -0.262079
v 0.336220 -0.220598 -0.212208
v 0.365512 -0.283291 -0.020000
v 0.436893 -0.201412 -0.078569
v 0.405706 -0.244470 -0.050380
v 0.405706 -0.244470 0.010380
v 0.436893 -0.201412 0.038569
v 0.475823 0.020000 -0.171016
v 0.480638 -0.036138 -0.154121
v 0.513598 -0.036742 -0.050792
v 0.502524 -0.036623 -0.102412
v 0.515028 0.020000 -0.071649
v 0.476447 -0.092605 -0.132791
v 0.463323 -0.144670 -0.109361
v 0.480638 -0.036138 0.114121
v 0.475823 0.020000 0.131016
v 0.463323 -0.144670 0.069361
v 0.476447 -0.092605 0.092791
v 0.515028 0.020000 0.031649
v 0.502524 -0.036623 0.062412
v 0.513598 -0.036742 0.010792
v 0.474751 -0.150392 -0.050822
v 0.501208 -0.093595 -0.020000
v 0.474751 -0.150392 0.010822
v 0.068461 -0.132749 0.326060
v 0.200817 -0.081772 0.313593
v 0.137323 -0.108457 0.323042
v 0.069052 -0.073858 0.341817
v 0.069197 -0.015068 0.349791
v 0.369867 0.020000 0.243168
v 0.270014 0.086704 0.294563
v 0.322525 0.054599 0.272109
v 0.322525 -0.014599 0.272109
v 0.270014 -0.046704 0.294563
v 0.068461 0.172749 0.326060
v 0.069197 0.055068 0.349791
v 0.069052 0.113858 0.341817
v 0.137323 0.148457 0.323042
v 0.200817 0.121772 0.313593
v 0.207796 -0.015103 0.321821
v 0.207796 0.055103 0.321821
v 0.138530 0.020000 0.340870
v -0.297051 -0.317986 0.059756
v -0.236075 -0.303184 0.155380
v -0.268383 -0.314064 0.109600
v -0.336654 -0.279465 0.090824
v -0.367696 -0.236480 0.119182
v -0.110772 -0.223582 0.276768
v -0.243584 -0.173582 0.263771
v -0.180000 -0.200074 0.273324
v -0.153922 -0.256056 0.242945
v -0.193309 -0.281510 0.205202
v -0.412178 -0.070833 0.193877
v -0.394126 -0.179738 0.149974
v -0.407395 -0.127600 0.173236
v -0.365201 -0.106216 0.222391
v -0.312780 -0.138513 0.244741
v -0.266955 -0.255701 0.191257
v -0.293412 -0.198903 0.222079
v -0.336220 -0.220598 0.172208
v -0.110772 -0.223582 -0.316768
v -0.193309 -0.281510 -0.245202
v -0.153922 -0.256056 -0.282945
v -0.180000 -0.200074 -0.313324
v -0.243584 -0.173582 -0.303771
v -0.297051 -0.317986 -0.099756
v -0.367696 -0.236480 -0.159182
v -0.336654 -0.279465 -0.130824
v -0.268383 -0.314064 -0.149600
v -0.236075 -0.303184 -0.195380
v -0.412178 -0.070833 -0.233877
v -0.312780 -0.138513 -0.284741
v -0.365201 -0.106216 -0.262391
v -0.407395 -0.127600 -0.213236
v -0.394126 -0.179738 -0.189974
v -0.266955 -0.255701 -0.231257
v -0.336220 -0.220598 -0.212208
v -0.293412 -0.198903 -0.262079
v 0.369867 0.020000 -0.283168
v 0.270014 -0.046704 -0.334563
v 0.322525 -0.014599 -0.312109
v 0.322525 0.054599 -0.312109
v 0.270014 0.086704 -0.334563
v 0.068461 -0.132749 -0.366060
v 0.069197 -0.015068 -0.389791
v 0.069052 -0.073858 -0.381817
v 0.137323 -0.108457 -0.363042
v 0.200817 -0.081772 -0.353593
v 0.068461 0.172749 -0.366060
v 0.200817 0.121772 -0.353593
v 0.137323 0.148457 -0.363042
v 0.069052 0.113858 -0.381817
v 0.069197 0.055068 -0.389791
v 0.207796 -0.015103 -0.361821
v 0.138530 0.020000 -0.380870
v 0.207796 0.055103 -0.361821
v 0.480638 0.076138 0.114121
v 0.513598 0.076742 0.010792
v 0.502524 0.076623 0.062412
v 0.476447 0.132605 0.092791
v 0.463323 0.184670 0.069361
v 0.480638 0.076138 -0.154121
v 0.463323 0.184670 -0.109361
v 0.476447 0.132605 -0.132791
v 0.502524 0.076623 -0.102412
v 0.513598 0.076742 -0.050792
v 0.365512 0.323291 -0.020000
v 0.436893 0.241412 0.038569
v 0.405706 0.284470 0.010380
v 0.405706 0.284470 -0.050380
v 0.436893 0.241412 -0.078569
v 0.501208 0.133595 -0.020000
v 0.474751 0.190392 -0.050822
v 0.474751 0.190392 0.010822
f 1 163 165
f 43 164 163
f 45 165 164
f 163 164 165
f 13 166 168
f 44 167 166
f 43 168 167
f 166 167 168
f 15 169 171
f 45 170 169
f 44 171 170
f 169 170 171
f 43 167 164
f 44 170 167
f 45 164 170
f 167 170 164
f 12 172 174
f 46 173 172
f 48 174 173
f 172 173 174
f 14 175 177
f 47 176 175
f 46 177 176
f 175 176 177
f 13 178 180
f 48 179 178
f 47 180 179
f 178 179 180
f 46 176 173
f 47 179 176
f 48 173 179
f 176 179 173
f 6 181 183
f 49 182 181
f 51 183 182
f 181 182 183
f 15 184 186
f 50 185 184
f 49 186 185
f 184 185 186
f 14 187 189
f 51 188 187
f 50 189 188
f 187 188 189
f 49 185 182
f 50 188 185
f 51 182 188
f 185 188 182
f 13 180 166
f 47 190 180
f 44 166 190
f 180 190 166
f 14 189 175
f 50 191 189
f 47 175 191
f 189 191 175
f 15 171 184
f 44 192 171
f 50 184 192
f 171 192 184
f 47 191 190
f 50 192 191
f 44 190 192
f 191 192 190
f 1 165 194
f 45 193 165
f 53 194 193
f 165 193 194
f 15 195 169
f 52 196 195
f 45 169 196
f 195 196 169
f 17 197 199
f 53 198 197
f 52 199 198
f 197 198 199
f 45 196 193
f 52 198 196
f 53 193 198
f 196 198 193
f 6 200 181
f 54 201 200
f 49 181 201
f 200 201 181
f 16 202 204
f 55 203 202
f 54 204 203
f 202 203 204
f 15 186 206
f 49 205 186
f 55 206 205
f 186 205 206
f 54 203 201
f 55 205 203
f 49 201 205
f 203 205 201
f 2 207 209
f 56 208 207
f 58 209 208
f 207 208 209
f 17 210 212
f 57 211 210
f 56 212 211
f 210 211 212
f 16 213 215
f 58 214 213
f 57 215 214
f 213 214 215
f 56 211 208
f 57 214 211
f 58 208 214
f 211 214 208
f 15 206 195
f 55 216 206
f 52 195 216
f 206 216 195
f 16 215 202
f 57 217 215
f 55 202 217
f 215 217 202
f 17 199 210
f 52 218 199
f 57 210 218
f 199 218 210
f 55 217 216
f 57 218 217
f 52 216 218
f 217 218 216
f 1 194 220
f 53 219 194
f 60 220 219
f 194 219 220
f 17 221 197
f 59 222 221
f 53 197 222
f 221 222 197
f 19 223 225
f 60 224 223
f 59 225 224
f 223 224 225
f 53 222 219
f 59 224 222
f 60 219 224
f 222 224 219
f 2 226 207
f 61 227 226
f 56 207 227
f 226 227 207
f 18 228 230
f 62 229 228
f 61 230 229
f 228 229 230
f 17 212 232
f 56 231 212
f 62 232 231
f 212 231 232
f 61 229 227
f 62 231 229
f 56 227 231
f 229 231 227
f 8 233 235
f 63 234 233
f 65 235 234
f 233 234 235
f 19 236 238
f 64 237 236
f 63 238 237
f 236 237 238
f 18 239 241
f 65 240 239
f 64 241 240
f 239 240 241
f 63 237 234
f 64 240 237
f 65 234 240
f 237 240 234
f 17 232 221
f 62 242 232
f 59 221 242
f 232 242 221
f 18 241 228
f 64 243 241
f 62 228 243
f 241 243 228
f 19 225 236
f 59 244 225
f 64 236 244
f 225 244 236
f 62 243 242
f 64 244 243
f 59 242 244
f 243 244 242
f 1 220 246
f 60 245 220
f 67 246 245
f 220 245 246
f 19 247 223
f 66 248 247
f 60 223 248
f 247 248 223
f 21 249 251
f 67 250 249
f 66 251 250
f 249 250 251
f 60 248 245
f 66 250 248
f 67 245 250
f 248 250 245
f 8 252 233
f 68 253 252
f 63 233 253
f 252 253 233
f 20 254 256
f 69 255 254
f 68 256 255
f 254 255 256
f 19 238 258
f 63 257 238
f 69 258 257
f 238 257 258
f 68 255 253
f 69 257 255
f 63 253 257
f 255 257 253
f 11 259 261
f 70 260 259
f 72 261 260
f 259 260 261
f 21 262 264
f 71 263 262
f 70 264 263
f 262 263 264
f 20 265 267
f 72 266 265
f 71 267 266
f 265 266 267
f 70 263 260
f 71 266 263
f 72 260 266
f 263 266 260
f 19 258 247
f 69 268 258
f 66 247 268
f 258 268 247
f 20 267 254
f 71 269 267
f 69 254 269
f 267 269 254
f 21 251 262
f 66 270 251
f 71 262 270
f 251 270 262
f 69 269 268
f 71 270 269
f 66 268 270
f 269 270 268
f 1 246 163
f 67 271 246
f 43 163 271
f 246 271 163
f 21 272 249
f 73 273 272
f 67 249 273
f 272 273 249
f 13 168 275
f 43 274 168
f 73 275 274
f 168 274 275
f 67 273 271
f 73 274 273
f 43 271 274
f 273 274 271
f 11 276 259
f 74 277 276
f 70 259 277
f 276 277 259
f 22 278 280
f 75 279 278
f 74 280 279
f 278 279 280
f 21 264 282
f 70 281 264
f 75 282 281
f 264 281 282
f 74 279 277
f 75 281 279
f 70 277 281
f 279 281 277
f 12 174 284
f 48 283 174
f 77 284 283
f 174 283 284
f 13 285 178
f 76 286 285
f 48 178 286
f 285 286 178
f 22 287 289
f 77 288 287
f 76 289 288
f 287 288 289
f 48 286 283
f 76 288 286
f 77 283 288
f 286 288 283
f 21 282 272
f 75 290 282
f 73 272 290
f 282 290 272
f 22 289 278
f 76 291 289
f 75 278 291
f 289 291 278
f 13 275 285
f 73 292 275
f 76 285 292
f 275 292 285
f 75 291 290
f 76 292 291
f 73 290 292
f 291 292 290
f 2 209 294
f 58 293 209
f 79 294 293
f 209 293 294
f 16 295 213
f 78 296 295
f 58 213 296
f 295 296 213
f 24 297 299
f 79 298 297
f 78 299 298
f 297 298 299
f 58 296 293
f 78 298 296
f 79 293 298
f 296 298 293
f 6 300 200
f 80 301 300
f 54 200 301
f 300 301 200
f 23 302 304
f 81 303 302
f 80 304 303
f 302 303 304
f 16 204 306
f 54 305 204
f 81 306 305
f 204 305 306
f 80 303 301
f 81 305 303
f 54 301 305
f 303 305 301
f 10 307 309
f 82 308 307
f 84 309 308
f 307 308 309
f 24 310 312
f 83 311 310
f 82 312 311
f 310 311 312
f 23 313 315
f 84 314 313
f 83 315 314
f 313 314 315
f 82 311 308
f 83 314 311
f 84 308 314
f 311 314 308
f 16 306 295
f 81 316 306
f 78 295 316
f 306 316 295
f 23 315 302
f 83 317 315
f 81 302 317
f 315 317 302
f 24 299 310
f 78 318 299
f 83 310 318
f 299 318 310
f 81 317 316
f 83 318 317
f 78 316 318
f 317 318 316
f 6 183 320
f 51 319 183
f 86 320 319
f 183 319 320
f 14 321 187
f 85 322 321
f 51 187 322
f 321 322 187
f 26 323 325
f 86 324 323
f 85 325 324
f 323 324 325
f 51 322 319
f 85 324 322
f 86 319 324
f 322 324 319
f 12 326 172
f 87 327 326
f 46 172 327
f 326 327 172
f 25 328 330
f 88 329 328
f 87 330 329
f 328 329 330
f 14 177 332
f 46 331 177
f 88 332 331
f 177 331 332
f 87 329 327
f 88 331 329
f 46 327 331
f 329 331 327
f 5 333 335
f 89 334 333
f 91 335 334
f 333 334 335
f 26 336 338
f 90 337 336
f 89 338 337
f 336 337 338
f 25 339 341
f 91 340 339
f 90 341 340
f 339 340 341
f 89 337 334
f 90 340 337
f 91 334 340
f 337 340 334
f 14 332 321
f 88 342 332
f 85 321 342
f 332 342 321
f 25 341 328
f 90 343 341
f 88 328 343
f 341 343 328
f 26 325 336
f 85 344 325
f 90 336 344
f 325 344 336
f 88 343 342
f 90 344 343
f 85 342 344
f 343 344 342
f 12 284 346
f 77 345 284
f 93 346 345
f 284 345 346
f 22 347 287
f 92 348 347
f 77 287 348
f 347 348 287
f 28 349 351
f 93 350 349
f 92 351 350
f 349 350 351
f 77 348 345
f 92 350 348
f 93 345 350
f 348 350 345
f 11 352 276
f 94 353 352
f 74 276 353
f 352 353 276
f 27 354 356
f 95 355 354
f 94 356 355
f 354 355 356
f 22 280 358
f 74 357 280
f 95 358 357
f 280 357 358
f 94 355 353
f 95 357 355
f 74 353 357
f 355 357 353
f 3 359 361
f 96 360 359
f 98 361 360
f 359 360 361
f 28 362 364
f 97 363 362
f 96 364 363
f 362 363 364
f 27 365 367
f 98 366 365
f 97 367 366
f 365 366 367
f 96 363 360
f 97 366 363
f 98 360 366
f 363 366 360
f 22 358 347
f 95 368 358
f 92 347 368
f 358 368 347
f 27 367 354
f 97 369 367
f 95 354 369
f 367 369 354
f 28 351 362
f 92 370 351
f 97 362 370
f 351 370 362
f 95 369 368
f 97 370 369
f 92 368 370
f 369 370 368
f 11 261 372
f 72 371 261
f 100 372 371
f 261 371 372
f 20 373 265
f 99 374 373
f 72 265 374
f 373 374 265
f 30 375 377
f 100 376 375
f 99 377 376
f 375 376 377
f 72 374 371
f 99 376 374
f 100 371 376
f 374 376 371
f 8 378 252
f 101 379 378
f 68 252 379
f 378 379 252
f 29 380 382
f 102 381 380
f 101 382 381
f 380 381 382
f 20 256 384
f 68 383 256
f 102 384 383
f 256 383 384
f 101 381 379
f 102 383 381
f 68 379 383
f 381 383 379
f 7 385 387
f 103 386 385
f 105 387 386
f 385 386 387
f 30 388 390
f 104 389 388
f 103 390 389
f 388 389 390
f 29 391 393
f 105 392 391
f 104 393 392
f 391 392 393
f 103 389 386
f 104 392 389
f 105 386 392
f 389 392 386
f 20 384 373
f 102 394 384
f 99 373 394
f 384 394 373
f 29 393 380
f 104 395 393
f 102 380 395
f 393 395 380
f 30 377 388
f 99 396 377
f 104 388 396
f 377 396 388
f 102 395 394
f 104 396 395
f 99 394 396
f 395 396 394
f 8 235 398
f 65 397 235
f 107 398 397
f 235 397 398
f 18 399 239
f 106 400 399
f 65 239 400
f 399 400 239
f 32 401 403
f 107 402 401
f 106 403 402
f 401 402 403
f 65 400 397
f 106 402 400
f 107 397 402
f 400 402 397
f 2 404 226
f 108 405 404
f 61 226 405
f 404 405 226
f 31 406 408
f 109 407 406
f 108 408 407
f 406 407 408
f 18 230 410
f 61 409 230
f 109 410 409
f 230 409 410
f 108 407 405
f 109 409 407
f 61 405 409
f 407 409 405
f 9 411 413
f 110 412 411
f 112 413 412
f 411 412 413
f 32 414 416
f 111 415 414
f 110 416 415
f 414 415 416
f 31 417 419
f 112 418 417
f 111 419 418
f 417 418 419
f 110 415 412
f 111 418 415
f 112 412 418
f 415 418 412
f 18 410 399
f 109 420 410
f 106 399 420
f 410 420 399
f 31 419 406
f 111 421 419
f 109 406 421
f 419 421 406
f 32 403 414
f 106 422 403
f 111 414 422
f 403 422 414
f 109 421 420
f 111 422 421
f 106 420 422
f 421 422 420
f 4 423 425
f 113 424 423
f 115 425 424
f 423 424 425
f 33 426 428
f 114 427 426
f 113 428 427
f 426 427 428
f 35 429 431
f 115 430 429
f 114 431 430
f 429 430 431
f 113 427 424
f 114 430 427
f 115 424 430
f 427 430 424
f 10 432 434
f 116 433 432
f 118 434 433
f 432 433 434
f 34 435 437
f 117 436 435
f 116 437 436
f 435 436 437
f 33 438 440
f 118 439 438
f 117 440 439
f 438 439 440
f 116 436 433
f 117 439 436
f 118 433 439
f 436 439 433
f 5 441 443
f 119 442 441
f 121 443 442
f 441 442 443
f 35 444 446
f 120 445 444
f 119 446 445
f 444 445 446
f 34 447 449
f 121 448 447
f 120 449 448
f 447 448 449
f 119 445 442
f 120 448 445
f 121 442 448
f 445 448 442
f 33 440 426
f 117 450 440
f 114 426 450
f 440 450 426
f 34 449 435
f 120 451 449
f 117 435 451
f 449 451 435
f 35 431 444
f 114 452 431
f 120 444 452
f 431 452 444
f 117 451 450
f 120 452 451
f 114 450 452
f 451 452 450
f 4 425 454
f 115 453 425
f 123 454 453
f 425 453 454
f 35 455 429
f 122 456 455
f 115 429 456
f 455 456 429
f 37 457 459
f 123 458 457
f 122 459 458
f 457 458 459
f 115 456 453
f 122 458 456
f 123 453 458
f 456 458 453
f 5 460 441
f 124 461 460
f 119 441 461
f 460 461 441
f 36 462 464
f 125 463 462
f 124 464 463
f 462 463 464
f 35 446 466
f 119 465 446
f 125 466 465
f 446 465 466
f 124 463 461
f 125 465 463
f 119 461 465
f 463 465 461
f 3 467 469
f 126 468 467
f 128 469 468
f 467 468 469
f 37 470 472
f 127 471 470
f 126 472 471
f 470 471 472
f 36 473 475
f 128 474 473
f 127 475 474
f 473 474 475
f 126 471 468
f 127 474 471
f 128 468 474
f 471 474 468
f 35 466 455
f 125 476 466
f 122 455 476
f 466 476 455
f 36 475 462
f 127 477 475
f 125 462 477
f 475 477 462
f 37 459 470
f 122 478 459
f 127 470 478
f 459 478 470
f 125 477 476
f 127 478 477
f 122 476 478
f 477 478 476
f 4 454 480
f 123 479 454
f 130 480 479
f 454 479 480
f 37 481 457
f 129 482 481
f 123 457 482
f 481 482 457
f 39 483 485
f 130 484 483
f 129 485 484
f 483 484 485
f 123 482 479
f 129 484 482
f 130 479 484
f 482 484 479
f 3 486 467
f 131 487 486
f 126 467 487
f 486 487 467
f 38 488 490
f 132 489 488
f 131 490 489
f 488 489 490
f 37 472 492
f 126 491 472
f 132 492 491
f 472 491 492
f 131 489 487
f 132 491 489
f 126 487 491
f 489 491 487
f 7 493 495
f 133 494 493
f 135 495 494
f 493 494 495
f 39 496 498
f 134 497 496
f 133 498 497
f 496 497 498
f 38 499 501
f 135 500 499
f 134 501 500
f 499 500 501
f 133 497 494
f 134 500 497
f 135 494 500
f 497 500 494
f 37 492 481
f 132 502 492
f 129 481 502
f 492 502 481
f 38 501 488
f 134 503 501
f 132 488 503
f 501 503 488
f 39 485 496
f 129 504 485
f 134 496 504
f 485 504 496
f 132 503 502
f 134 504 503
f 129 502 504
f 503 504 502
f 4 480 506
f 130 505 480
f 137 506 505
f 480 505 506
f 39 507 483
f 136 508 507
f 130 483 508
f 507 508 483
f 41 509 511
f 137 510 509
f 136 511 510
f 509 510 511
f 130 508 505
f 136 510 508
f 137 505 510
f 508 510 505
f 7 512 493
f 138 513 512
f 133 493 513
f 512 513 493
f 40 514 516
f 139 515 514
f 138 516 515
f 514 515 516
f 39 498 518
f 133 517 498
f 139 518 517
f 498 517 518
f 138 515 513
f 139 517 515
f 133 513 517
f 515 517 513
f 9 519 521
f 140 520 519
f 142 521 520
f 519 520 521
f 41 522 524
f 141 523 522
f 140 524 523
f 522 523 524
f 40 525 527
f 142 526 525
f 141 527 526
f 525 526 527
f 140 523 520
f 141 526 523
f 142 520 526
f 523 526 520
f 39 518 507
f 139 528 518
f 136 507 528
f 518 528 507
f 40 527 514
f 141 529 527
f 139 514 529
f 527 529 514
f 41 511 522
f 136 530 511
f 141 522 530
f 511 530 522
f 139 529 528
f 141 530 529
f 136 528 530
f 529 530 528
f 4 506 423
f 137 531 506
f 113 423 531
f 506 531 423
f 41 532 509
f 143 533 532
f 137 509 533
f 532 533 509
f 33 428 535
f 113 534 428
f 143 535 534
f 428 534 535
f 137 533 531
f 143 534 533
f 113 531 534
f 533 534 531
f 9 536 519
f 144 537 536
f 140 519 537
f 536 537 519
f 42 538 540
f 145 539 538
f 144 540 539
f 538 539 540
f 41 524 542
f 140 541 524
f 145 542 541
f 524 541 542
f 144 539 537
f 145 541 539
f 140 537 541
f 539 541 537
f 10 434 544
f 118 543 434
f 147 544 543
f 434 543 544
f 33 545 438
f 146 546 545
f 118 438 546
f 545 546 438
f 42 547 549
f 147 548 547
f 146 549 548
f 547 548 549
f 118 546 543
f 146 548 546
f 147 543 548
f 546 548 543
f 41 542 532
f 145 550 542
f 143 532 550
f 542 550 532
f 42 549 538
f 146 551 549
f 145 538 551
f 549 551 538
f 33 535 545
f 143 552 535
f 146 545 552
f 535 552 545
f 145 551 550
f 146 552 551
f 143 550 552
f 551 552 550
f 5 443 333
f 121 553 443
f 89 333 553
f 443 553 333
f 34 554 447
f 148 555 554
f 121 447 555
f 554 555 447
f 26 338 557
f 89 556 338
f 148 557 556
f 338 556 557
f 121 555 553
f 148 556 555
f 89 553 556
f 555 556 553
f 10 309 432
f 84 558 309
f 116 432 558
f 309 558 432
f 23 559 313
f 149 560 559
f 84 313 560
f 559 560 313
f 34 437 562
f 116 561 437
f 149 562 561
f 437 561 562
f 84 560 558
f 149 561 560
f 116 558 561
f 560 561 558
f 6 320 300
f 86 563 320
f 80 300 563
f 320 563 300
f 26 564 323
f 150 565 564
f 86 323 565
f 564 565 323
f 23 304 567
f 80 566 304
f 150 567 566
f 304 566 567
f 86 565 563
f 150 566 565
f 80 563 566
f 565 566 563
f 34 562 554
f 149 568 562
f 148 554 568
f 562 568 554
f 23 567 559
f 150 569 567
f 149 559 569
f 567 569 559
f 26 557 564
f 148 570 557
f 150 564 570
f 557 570 564
f 149 569 568
f 150 570 569
f 148 568 570
f 569 570 568
f 3 469 359
f 128 571 469
f 96 359 571
f 469 571 359
f 36 572 473
f 151 573 572
f 128 473 573
f 572 573 473
f 28 364 575
f 96 574 364
f 151 575 574
f 364 574 575
f 128 573 571
f 151 574 573
f 96 571 574
f 573 574 571
f 5 335 460
f 91 576 335
f 124 460 576
f 335 576 460
f 25 577 339
f 152 578 577
f 91 339 578
f 577 578 339
f 36 464 580
f 124 579 464
f 152 580 579
f 464 579 580
f 91 578 576
f 152 579 578
f 124 576 579
f 578 579 576
f 12 346 326
f 93 581 346
f 87 326 581
f 346 581 326
f 28 582 349
f 153 583 582
f 93 349 583
f 582 583 349
f 25 330 585
f 87 584 330
f 153 585 584
f 330 584 585
f 93 583 581
f 153 584 583
f 87 581 584
f 583 584 581
f 36 580 572
f 152 586 580
f 151 572 586
f 580 586 572
f 25 585 577
f 153 587 585
f 152 577 587
f 585 587 577
f 28 575 582
f 151 588 575
f 153 582 588
f 575 588 582
f 152 587 586
f 153 588 587
f 151 586 588
f 587 588 586
f 7 495 385
f 135 589 495
f 103 385 589
f 495 589 385
f 38 590 499
f 154 591 590
f 135 499 591
f 590 591 499
f 30 390 593
f 103 592 390
f 154 593 592
f 390 592 593
f 135 591 589
f 154 592 591
f 103 589 592
f 591 592 589
f 3 361 486
f 98 594 361
f 131 486 594
f 361 594 486
f 27 595 365
f 155 596 595
f 98 365 596
f 595 596 365
f 38 490 598
f 131 597 490
f 155 598 597
f 490 597 598
f 98 596 594
f 155 597 596
f 131 594 597
f 596 597 594
f 11 372 352
f 100 599 372
f 94 352 599
f 372 599 352
f 30 600 375
f 156 601 600
f 100 375 601
f 600 601 375
f 27 356 603
f 94 602 356
f 156 603 602
f 356 602 603
f 100 601 599
f 156 602 601
f 94 599 602
f 601 602 599
f 38 598 590
f 155 604 598
f 154 590 604
f 598 604 590
f 27 603 595
f 156 605 603
f 155 595 605
f 603 605 595
f 30 593 600
f 154 606 593
f 156 600 606
f 593 606 600
f 155 605 604
f 156 606 605
f 154 604 606
f 605 606 604
f 9 521 411
f 142 607 521
f 110 411 607
f 521 607 411
f 40 608 525
f 157 609 608
f 142 525 609
f 608 609 525
f 32 416 611
f 110 610 416
f 157 611 610
f 416 610 611
f 142 609 607
f 157 610 609
f 110 607 610
f 609 610 607
f 7 387 512
f 105 612 387
f 138 512 612
f 387 612 512
f 29 613 391
f 158 614 613
f 105 391 614
f 613 614 391
f 40 516 616
f 138 615 516
f 158 616 615
f 516 615 616
f 105 614 612
f 158 615 614
f 138 612 615
f 614 615 612
f 8 398 378
f 107 617 398
f 101 378 617
f 398 617 378
f 32 618 401
f 159 619 618
f 107 401 619
f 618 619 401
f 29 382 621
f 101 620 382
f 159 621 620
f 382 620 621
f 107 619 617
f 159 620 619
f 101 617 620
f 619 620 617
f 40 616 608
f 158 622 616
f 157 608 622
f 616 622 608
f 29 621 613
f 159 623 621
f 158 613 623
f 621 623 613
f 32 611 618
f 157 624 611
f 159 618 624
f 611 624 618
f 158 623 622
f 159 624 623
f 157 622 624
f 623 624 622
f 10 544 307
f 147 625 544
f 82 307 625
f 544 625 307
f 42 626 547
f 160 627 626
f 147 547 627
f 626 627 547
f 24 312 629
f 82 628 312
f 160 629 628
f 312 628 629
f 147 627 625
f 160 628 627
f 82 625 628
f 627 628 625
f 9 413 536
f 112 630 413
f 144 536 630
f 413 630 536
f 31 631 417
f 161 632 631
f 112 417 632
f 631 632 417
f 42 540 634
f 144 633 540
f 161 634 633
f 540 633 634
f 112 632 630
f 161 633 632
f 144 630 633
f 632 633 630
f 2 294 404
f 79 635 294
f 108 404 635
f 294 635 404
f 24 636 297
f 162 637 636
f 79 297 637
f 636 637 297
f 31 408 639
f 108 638 408
f 162 639 638
f 408 638 639
f 79 637 635
f 162 638 637
f 108 635 638
f 637 638 635
f 42 634 626
f 161 640 634
f 160 626 640
f 634 640 626
f 31 639 631
f 162 641 639
f 161 631 641
f 639 641 631
f 24 629 636
f 160 642 629
f 162 636 642
f 629 642 636
f 161 641 640
f 162 642 641
f 160 640 642
f 641 642 640
o OpticLobe_L
s 1
v -1.320807 0.337273 -0.120000
v -0.879193 0.337273 -0.120000
v -1.320807 -0.377273 -0.120000
v -0.879193 -0.377273 -0.120000
v -1.100000 -0.240807 0.237273
v -1.100000 0.200807 0.237273
v -1.100000 -0.240807 -0.477273
v -1.100000 0.200807 -0.477273
v -0.742727 -0.020000 -0.340807
v -0.742727 -0.020000 0.100807
v -1.457273 -0.020000 -0.340807
v -1.457273 -0.020000 0.100807
v -1.439787 0.190000 0.009787
v -1.310000 0.109787 0.219787
v -1.229787 0.319787 0.090000
v -0.970213 0.319787 0.090000
v -1.100000 0.400000 -0.120000
v -0.970213 0.319787 -0.330000
v -1.229787 0.319787 -0.330000
v -1.310000 0.109787 -0.459787
v -1.439787 0.190000 -0.249787
v -1.520000 -0.020000 -0.120000
v -0.890000 0.109787 0.219787
v -0.760213 0.190000 0.009787
v -1.310000 -0.149787 0.219787
v -1.100000 -0.020000 0.300000
v -1.439787 -0.230000 -0.249787
v -1.439787 -0.230000 0.009787
v -1.100000 -0.020000 -0.540000
v -1.310000 -0.149787 -0.459787
v -0.760213 0.190000 -0.249787
v -0.890000 0.109787 -0.459787
v -0.760213 -0.230000 0.009787
v -0.890000 -0.149787 0.219787
v -0.970213 -0.359787 0.090000
v -1.229787 -0.359787 0.090000
v -1.100000 -0.440000 -0.120000
v -1.229787 -0.359787 -0.330000
v -0.970213 -0.359787 -0.330000
v -0.890000 -0.149787 -0.459787
v -0.760213 -0.230000 -0.249787
v -0.680000 -0.020000 -0.120000
v -1.391388 0.274860 -0.052539
v -1.346870 0.269040 0.058637
v -1.282233 0.342321 -0.010845
v -1.394860 0.047461 0.171388
v -1.389040 0.158637 0.126870
v -1.462321 0.089155 0.062233
v -1.167461 0.271388 0.174860
v -1.278637 0.226870 0.169040
v -1.209155 0.162233 0.242321
v -1.168233 0.379444 -0.009596
v -1.214772 0.384014 -0.120000
v -1.032539 0.271388 0.174860
v -1.100000 0.337273 0.100807
v -0.985228 0.384014 -0.120000
v -1.031767 0.379444 -0.009596
v -0.917767 0.342321 -0.010845
v -1.168233 0.379444 -0.230404
v -1.282233 0.342321 -0.229155
v -0.917767 0.342321 -0.229155
v -1.031767 0.379444 -0.230404
v -1.167461 0.271388 -0.414860
v -1.100000 0.337273 -0.340807
v -1.032539 0.271388 -0.414860
v -1.346870 0.269040 -0.298637
v -1.391388 0.274860 -0.187461
v -1.209155 0.162233 -0.482321
v -1.278637 0.226870 -0.409040
v -1.462321 0.089155 -0.302233
v -1.389040 0.158637 -0.366870
v -1.394860 0.047461 -0.411388
v -1.457273 0.200807 -0.120000
v -1.504014 -0.020000 -0.234772
v -1.499444 0.090404 -0.188233
v -1.499444 0.090404 -0.051767
v -1.504014 -0.020000 -0.005228
v -0.853130 0.269040 0.058637
v -0.808612 0.274860 -0.052539
v -0.990845 0.162233 0.242321
v -0.921363 0.226870 0.169040
v -0.737679 0.089155 0.062233
v -0.810960 0.158637 0.126870
v -0.805140 0.047461 0.171388
v -1.210404 0.048233 0.279444
v -1.100000 0.094772 0.284014
v -1.394860 -0.087461 0.171388
v -1.320807 -0.020000 0.237273
v -1.100000 -0.134772 0.284014
v -1.210404 -0.088233 0.279444
v -1.209155 -0.202233 0.242321
v -1.499444 -0.130404 -0.051767
v -1.462321 -0.129155 0.062233
v -1.462321 -0.129155 -0.302233
v -1.499444 -0.130404 -0.188233
v -1.391388 -0.314860 -0.052539
v -1.457273 -0.240807 -0.120000
v -1.391388 -0.314860 -0.187461
v -1.320807 -0.020000 -0.477273
v -1.394860 -0.087461 -0.411388
v -1.100000 0.094772 -0.524014
v -1.210404 0.048233 -0.519444
v -1.209155 -0.202233 -0.482321
v -1.210404 -0.088233 -0.519444
v -1.100000 -0.134772 -0.524014
v -0.921363 0.226870 -0.409040
v -0.990845 0.162233 -0.482321
v -0.808612 0.274860 -0.187461
v -0.853130 0.269040 -0.298637
v -0.805140 0.047461 -0.411388
v -0.810960 0.158637 -0.366870
v -0.737679 0.089155 -0.302233
v -0.808612 -0.314860 -0.052539
v -0.853130 -0.309040 0.058637
v -0.917767 -0.382321 -0.010845
v -0.805140 -0.087461 0.171388
v -0.810960 -0.198637 0.126870
v -0.737679 -0.129155 0.062233
v -1.032539 -0.311388 0.174860
v -0.921363 -0.266870 0.169040
v -0.990845 -0.202233 0.242321
v -1.031767 -0.419444 -0.009596
v -0.985228 -0.424014 -0.120000
v -1.167461 -0.311388 0.174860
v -1.100000 -0.377273 0.100807
v -1.214772 -0.424014 -0.120000
v -1.168233 -0.419444 -0.009596
v -1.282233 -0.382321 -0.010845
v -1.031767 -0.419444 -0.230404
v -0.917767 -0.382321 -0.229155
v -1.282233 -0.382321 -0.229155
v -1.168233 -0.419444 -0.230404
v -1.032539 -0.311388 -0.414860
v -1.100000 -0.377273 -0.340807
v -1.167461 -0.311388 -0.414860
v -0.853130 -0.309040 -0.298637
v -0.808612 -0.314860 -0.187461
v -0.990845 -0.202233 -0.482321
v -0.921363 -0.266870 -0.409040
v -0.737679 -0.129155 -0.302233
v -0.810960 -0.198637 -0.366870
v -0.805140 -0.087461 -0.411388
v -0.742727 -0.240807 -0.120000
v -0.695986 -0.020000 -0.234772
v -0.700556 -0.130404 -0.188233
v -0.700556 -0.130404 -0.051767
v -0.695986 -0.020000 -0.005228
v -0.989596 -0.088233 0.279444
v -0.879193 -0.020000 0.237273
v -0.989596 0.048233 0.279444
v -1.346870 -0.309040 0.058637
v -1.278637 -0.266870 0.169040
v -1.389040 -0.198637 0.126870
v -1.278637 -0.266870 -0.409040
v -1.346870 -0.309040 -0.298637
v -1.389040 -0.198637 -0.366870
v -0.879193 -0.020000 -0.477273
v -0.989596 -0.088233 -0.519444
v -0.989596 0.048233 -0.519444
v -0.700556 0.090404 -0.051767
v -0.700556 0.090404 -0.188233
v -0.742727 0.200807 -0.120000
f 643 685 687
f 655 686 685
f 657 687 686
f 685 686 687
f 654 688 690
f 656 689 688
f 655 690 689
f 688 689 690
f 648 691 693
f 657 692 691
f 656 693 692
f 691 692 693
f 655 689 686
f 656 692 689
f 657 686 692
f 689 692 686
f 643 687 695
f 657 694 687
f 659 695 694
f 687 694 695
f 648 696 691
f 658 697 696
f 657 691 697
f 696 697 691
f 644 698 700
f 659 699 698
f 658 700 699
f 698 699 700
f 657 697 694
f 658 699 697
f 659 694 699
f 697 699 694
f 643 695 702
f 659 701 695
f 661 702 701
f 695 701 702
f 644 703 698
f 660 704 703
f 659 698 704
f 703 704 698
f 650 705 707
f 661 706 705
f 660 707 706
f 705 706 707
f 659 704 701
f 660 706 704
f 661 701 706
f 704 706 701
f 643 702 709
f 661 708 702
f 663 709 708
f 702 708 709
f 650 710 705
f 662 711 710
f 661 705 711
f 710 711 705
f 653 712 714
f 663 713 712
f 662 714 713
f 712 713 714
f 661 711 708
f 662 713 711
f 663 708 713
f 711 713 708
f 643 709 685
f 663 715 709
f 655 685 715
f 709 715 685
f 653 716 712
f 664 717 716
f 663 712 717
f 716 717 712
f 654 690 719
f 655 718 690
f 664 719 718
f 690 718 719
f 663 717 715
f 664 718 717
f 655 715 718
f 717 718 715
f 644 700 721
f 658 720 700
f 666 721 720
f 700 720 721
f 648 722 696
f 665 723 722
f 658 696 723
f 722 723 696
f 652 724 726
f 666 725 724
f 665 726 725
f 724 725 726
f 658 723 720
f 665 725 723
f 666 720 725
f 723 725 720
f 648 693 728
f 656 727 693
f 668 728 727
f 693 727 728
f 654 729 688
f 667 730 729
f 656 688 730
f 729 730 688
f 647 731 733
f 668 732 731
f 667 733 732
f 731 732 733
f 656 730 727
f 667 732 730
f 668 727 732
f 730 732 727
f 654 719 735
f 664 734 719
f 670 735 734
f 719 734 735
f 653 736 716
f 669 737 736
f 664 716 737
f 736 737 716
f 645 738 740
f 670 739 738
f 669 740 739
f 738 739 740
f 664 737 734
f 669 739 737
f 670 734 739
f 737 739 734
f 653 714 742
f 662 741 714
f 672 742 741
f 714 741 742
f 650 743 710
f 671 744 743
f 662 710 744
f 743 744 710
f 649 745 747
f 672 746 745
f 671 747 746
f 745 746 747
f 662 744 741
f 671 746 744
f 672 741 746
f 744 746 741
f 650 707 749
f 660 748 707
f 674 749 748
f 707 748 749
f 644 750 703
f 673 751 750
f 660 703 751
f 750 751 703
f 651 752 754
f 674 753 752
f 673 754 753
f 752 753 754
f 660 751 748
f 673 753 751
f 674 748 753
f 751 753 748
f 646 755 757
f 675 756 755
f 677 757 756
f 755 756 757
f 652 758 760
f 676 759 758
f 675 760 759
f 758 759 760
f 647 761 763
f 677 762 761
f 676 763 762
f 761 762 763
f 675 759 756
f 676 762 759
f 677 756 762
f 759 762 756
f 646 757 765
f 677 764 757
f 679 765 764
f 757 764 765
f 647 766 761
f 678 767 766
f 677 761 767
f 766 767 761
f 645 768 770
f 679 769 768
f 678 770 769
f 768 769 770
f 677 767 764
f 678 769 767
f 679 764 769
f 767 769 764
f 646 765 772
f 679 771 765
f 681 772 771
f 765 771 772
f 645 773 768
f 680 774 773
f 679 768 774
f 773 774 768
f 649 775 777
f 681 776 775
f 680 777 776
f 775 776 777
f 679 774 771
f 680 776 774
f 681 771 776
f 774 776 771
f 646 772 779
f 681 778 772
f 683 779 778
f 772 778 779
f 649 780 775
f 682 781 780
f 681 775 781
f 780 781 775
f 651 782 784
f 683 783 782
f 682 784 783
f 782 783 784
f 681 781 778
f 682 783 781
f 683 778 783
f 781 783 778
f 646 779 755
f 683 785 779
f 675 755 785
f 779 785 755
f 651 786 782
f 684 787 786
f 683 782 787
f 786 787 782
f 652 760 789
f 675 788 760
f 684 789 788
f 760 788 789
f 683 787 785
f 684 788 787
f 675 785 788
f 787 788 785
f 647 763 731
f 676 790 763
f 668 731 790
f 763 790 731
f 652 726 758
f 665 791 726
f 676 758 791
f 726 791 758
f 648 728 722
f 668 792 728
f 665 722 792
f 728 792 722
f 676 791 790
f 665 792 791
f 668 790 792
f 791 792 790
f 645 770 738
f 678 793 770
f 670 738 793
f 770 793 738
f 647 733 766
f 667 794 733
f 678 766 794
f 733 794 766
f 654 735 729
f 670 795 735
f 667 729 795
f 735 795 729
f 678 794 793
f 667 795 794
f 670 793 795
f 794 795 793
f 649 777 745
f 680 796 777
f 672 745 796
f 777 796 745
f 645 740 773
f 669 797 740
f 680 773 797
f 740 797 773
f 653 742 736
f 672 798 742
f 669 736 798
f 742 798 736
f 680 797 796
f 669 798 797
f 672 796 798
f 797 798 796
f 651 784 752
f 682 799 784
f 674 752 799
f 784 799 752
f 649 747 780
f 671 800 747
f 682 780 800
f 747 800 780
f 650 749 743
f 674 801 749
f 671 743 801
f 749 801 743
f 682 800 799
f 671 801 800
f 674 799 801
f 800 801 799
f 652 789 724
f 684 802 789
f 666 724 802
f 789 802 724
f 651 754 786
f 673 803 754
f 684 786 803
f 754 803 786
f 644 721 750
f 666 804 721
f 673 750 804
f 721 804 750
f 684 803 802
f 673 804 803
f 666 802 804
f 803 804 802
o OpticLobe_R
s 1
v 0.879193 0.337273 -0.120000
v 1.320807 0.337273 -0.120000
v 0.879193 -0.377273 -0.120000
v 1.320807 -0.377273 -0.120000
v 1.100000 -0.240807 0.237273
v 1.100000 0.200807 0.237273
v 1.100000 -0.240807 -0.477273
v 1.100000 0.200807 -0.477273
v 1.457273 -0.020000 -0.340807
v 1.457273 -0.020000 0.100807
v 0.742727 -0.020000 -0.340807
v 0.742727 -0.020000 0.100807
v 0.760213 0.190000 0.009787
v 0.890000 0.109787 0.219787
v 0.970213 0.319787 0.090000
v 1.229787 0.319787 0.090000
v 1.100000 0.400000 -0.120000
v 1.229787 0.319787 -0.330000
v 0.970213 0.319787 -0.330000
v 0.890000 0.109787 -0.459787
v 0.760213 0.190000 -0.249787
v 0.680000 -0.020000 -0.120000
v 1.310000 0.109787 0.219787
v 1.439787 0.190000 0.009787
v 0.890000 -0.149787 0.219787
v 1.100000 -0.020000 0.300000
v 0.760213 -0.230000 -0.249787
v 0.760213 -0.230000 0.009787
v 1.100000 -0.020000 -0.540000
v 0.890000 -0.149787 -0.459787
v 1.439787 0.190000 -0.249787
v 1.310000 0.109787 -0.459787
v 1.439787 -0.230000 0.009787
v 1.310000 -0.149787 0.219787
v 1.229787 -0.359787 0.090000
v 0.970213 -0.359787 0.090000
v 1.100000 -0.440000 -0.120000
v 0.970213 -0.359787 -0.330000
v 1.229787 -0.359787 -0.330000
v 1.310000 -0.149787 -0.459787
v 1.439787 -0.230000 -0.249787
v 1.520000 -0.020000 -0.120000
v 0.808612 0.274860 -0.052539
v 0.853130 0.269040 0.058637
v 0.917767 0.342321 -0.010845
v 0.805140 0.047461 0.171388
v 0.810960 0.158637 0.126870
v 0.737679 0.089155 0.062233
v 1.032539 0.271388 0.174860
v 0.921363 0.226870 0.169040
v 0.990845 0.162233 0.242321
v 1.031767 0.379444 -0.009596
v 0.985228 0.384014 -0.120000
v 1.167461 0.271388 0.174860
v 1.100000 0.337273 0.100807
v 1.214772 0.384014 -0.120000
v 1.168233 0.379444 -0.009596
v 1.282233 0.342321 -0.010845
v 1.031767 0.379444 -0.230404
v 0.917767 0.342321 -0.229155
v 1.282233 0.342321 -0.229155
v 1.168233 0.379444 -0.230404
v 1.032539 0.271388 -0.414860
v 1.100000 0.337273 -0.340807
v 1.167461 0.271388 -0.414860
v 0.853130 0.269040 -0.298637
v 0.808612 0.274860 -0.187461
v 0.990845 0.162233 -0.482321
v 0.921363 0.226870 -0.409040
v 0.737679 0.089155 -0.302233
v 0.810960 0.158637 -0.366870
v 0.805140 0.047461 -0.411388
v 0.742727 0.200807 -0.120000
v 0.695986 -0.020000 -0.234772
v 0.700556 0.090404 -0.188233
v 0.700556 0.090404 -0.051767
v 0.695986 -0.020000 -0.005228
v 1.346870 0.269040 0.058637
v 1.391388 0.274860 -0.052539
v 1.209155 0.162233 0.242321
v 1.278637 0.226870 0.169040
v 1.462321 0.089155 0.062233
v 1.389040 0.158637 0.126870
v 1.394860 0.047461 0.171388
v 0.989596 0.048233 0.279444
v 1.100000 0.094772 0.284014
v 0.805140 -0.087461 0.171388
v 0.879193 -0.020000 0.237273
v 1.100000 -0.134772 0.284014
v 0.989596 -0.088233 0.279444
v 0.990845 -0.202233 0.242321
v 0.700556 -0.130404 -0.051767
v 0.737679 -0.129155 0.062233
v 0.737679 -0.129155 -0.302233
v 0.700556 -0.130404 -0.188233
v 0.808612 -0.314860 -0.052539
v 0.742727 -0.240807 -0.120000
v 0.808612 -0.314860 -0.187461
v 0.879193 -0.020000 -0.477273
v 0.805140 -0.087461 -0.411388
v 1.100000 0.094772 -0.524014
v 0.989596 0.048233 -0.519444
v 0.990845 -0.202233 -0.482321
v 0.989596 -0.088233 -0.519444
v 1.100000 -0.134772 -0.524014
v 1.278637 0.226870 -0.409040
v 1.209155 0.162233 -0.482321
v 1.391388 0.274860 -0.187461
v 1.346870 0.269040 -0.298637
v 1.394860 0.047461 -0.411388
v 1.389040 0.158637 -0.366870
v 1.462321 0.089155 -0.302233
v 1.391388 -0.314860 -0.052539
v 1.346870 -0.309040 0.058637
v 1.282233 -0.382321 -0.010845
v 1.394860 -0.087461 0.171388
v 1.389040 -0.198637 0.126870
v 1.462321 -0.129155 0.062233
v 1.167461 -0.311388 0.174860
v 1.278637 -0.266870 0.169040
v 1.209155 -0.202233 0.242321
v 1.168233 -0.419444 -0.009596
v 1.214772 -0.424014 -0.120000
v 1.032539 -0.311388 0.174860
v 1.100000 -0.377273 0.100807
v 0.985228 -0.424014 -0.120000
v 1.031767 -0.419444 -0.009596
v 0.917767 -0.382321 -0.010845
v 1.168233 -0.419444 -0.230404
v 1.282233 -0.382321 -0.229155
v 0.917767 -0.382321 -0.229155
v 1.031767 -0.419444 -0.230404
v 1.167461 -0.311388 -0.414860
v 1.100000 -0.377273 -0.340807
v 1.032539 -0.311388 -0.414860
v 1.346870 -0.309040 -0.298637
v 1.391388 -0.314860 -0.187461
v 1.209155 -0.202233 -0.482321
v 1.278637 -0.266870 -0.409040
v 1.462321 -0.129155 -0.302233
v 1.389040 -0.198637 -0.366870
v 1.394860 -0.087461 -0.411388
v 1.457273 -0.240807 -0.120000
v 1.504014 -0.020000 -0.234772
v 1.499444 -0.130404 -0.188233
v 1.499444 -0.130404 -0.051767
v 1.504014 -0.020000 -0.005228
v 1.210404 -0.088233 0.279444
v 1.320807 -0.020000 0.237273
v 1.210404 0.048233 0.279444
v 0.853130 -0.309040 0.058637
v 0.921363 -0.266870 0.169040
v 0.810960 -0.198637 0.126870
v 0.921363 -0.266870 -0.409040
v 0.853130 -0.309040 -0.298637
v 0.810960 -0.198637 -0.366870
v 1.320807 -0.020000 -0.477273
v 1.210404 -0.088233 -0.519444
v 1.210404 0.048233 -0.519444
v 1.499444 0.090404 -0.051767
v 1.499444 0.090404 -0.188233
v 1.457273 0.200807 -0.120000
f 805 847 849
f 817 848 847
f 819 849 848
f 847 848 849
f 816 850 852
f 818 851 850
f 817 852 851
f 850 851 852
f 810 853 855
f 819 854 853
f 818 855 854
f 853 854 855
f 817 851 848
f 818 854 851
f 819 848 854
f 851 854 848
f 805 849 857
f 819 856 849
f 821 857 856
f 849 856 857
f 810 858 853
f 820 859 858
f 819 853 859
f 858 859 853
f 806 860 862
f 821 861 860
f 820 862 861
f 860 861 862
f 819 859 856
f 820 861 859
f 821 856 861
f 859 861 856
f 805 857 864
f 821 863 857
f 823 864 863
f 857 863 864
f 806 865 860
f 822 866 865
f 821 860 866
f 865 866 860
f 812 867 869
f 823 868 867
f 822 869 868
f 867 868 869
f 821 866 863
f 822 868 866
f 823 863 868
f 866 868 863
f 805 864 871
f 823 870 864
f 825 871 870
f 864 870 871
f 812 872 867
f 824 873 872
f 823 867 873
f 872 873 867
f 815 874 876
f 825 875 874
f 824 876 875
f 874 875 876
f 823 873 870
f 824 875 873
f 825 870 875
f 873 875 870
f 805 871 847
f 825 877 871
f 817 847 877
f 871 877 847
f 815 878 874
f 826 879 878
f 825 874 879
f 878 879 874
f 816 852 881
f 817 880 852
f 826 881 880
f 852 880 881
f 825 879 877
f 826 880 879
f 817 877 880
f 879 880 877
f 806 862 883
f 820 882 862
f 828 883 882
f 862 882 883
f 810 884 858
f 827 885 884
f 820 858 885
f 884 885 858
f 814 886 888
f 828 887 886
f 827 888 887
f 886 887 888
f 820 885 882
f 827 887 885
f 828 882 887
f 885 887 882
f 810 855 890
f 818 889 855
f 830 890 889
f 855 889 890
f 816 891 850
f 829 892 891
f 818 850 892
f 891 892 850
f 809 893 895
f 830 894 893
f 829 895 894
f 893 894 895
f 818 892 889
f 829 894 892
f 830 889 894
f 892 894 889
f 816 881 897
f 826 896 881
f 832 897 896
f 881 896 897
f 815 898 878
f 831 899 898
f 826 878 899
f 898 899 878
f 807 900 902
f 832 901 900
f 831 902 901
f 900 901 902
f 826 899 896
f 831 901 899
f 832 896 901
f 899 901 896
f 815 876 904
f 824 903 876
f 834 904 903
f 876 903 904
f 812 905 872
f 833 906 905
f 824 872 906
f 905 906 872
f 811 907 909
f 834 908 907
f 833 909 908
f 907 908 909
f 824 906 903
f 833 908 906
f 834 903 908
f 906 908 903
f 812 869 911
f 822 910 869
f 836 911 910
f 869 910 911
f 806 912 865
f 835 913 912
f 822 865 913
f 912 913 865
f 813 914 916
f 836 915 914
f 835 916 915
f 914 915 916
f 822 913 910
f 835 915 913
f 836 910 915
f 913 915 910
f 808 917 919
f 837 918 917
f 839 919 918
f 917 918 919
f 814 920 922
f 838 921 920
f 837 922 921
f 920 921 922
f 809 923 925
f 839 924 923
f 838 925 924
f 923 924 925
f 837 921 918
f 838 924 921
f 839 918 924
f 921 924 918
f 808 919 927
f 839 926 919
f 841 927 926
f 919 926 927
f 809 928 923
f 840 929 928
f 839 923 929
f 928 929 923
f 807 930 932
f 841 931 930
f 840 932 931
f 930 931 932
f 839 929 926
f 840 931 929
f 841 926 931
f 929 931 926
f 808 927 934
f 841 933 927
f 843 934 933
f 927 933 934
f 807 935 930
f 842 936 935
f 841 930 936
f 935 936 930
f 811 937 939
f 843 938 937
f 842 939 938
f 937 938 939
f 841 936 933
f 842 938 936
f 843 933 938
f 936 938 933
f 808 934 941
f 843 940 934
f 845 941 940
f 934 940 941
f 811 942 937
f 844 943 942
f 843 937 943
f 942 943 937
f 813 944 946
f 845 945 944
f 844 946 945
f 944 945 946
f 843 943 940
f 844 945 943
f 845 940 945
f 943 945 940
f 808 941 917
f 845 947 941
f 837 917 947
f 941 947 917
f 813 948 944
f 846 949 948
f 845 944 949
f 948 949 944
f 814 922 951
f 837 950 922
f 846 951 950
f 922 950 951
f 845 949 947
f 846 950 949
f 837 947 950
f 949 950 947
f 809 925 893
f 838 952 925
f 830 893 952
f 925 952 893
f 814 888 920
f 827 953 888
f 838 920 953
f 888 953 920
f 810 890 884
f 830 954 890
f 827 884 954
f 890 954 884
f 838 953 952
f 827 954 953
f 830 952 954
f 953 954 952
f 807 932 900
f 840 955 932
f 832 900 955
f 932 955 900
f 809 895 928
f 829 956 895
f 840 928 956
f 895 956 928
f 816 897 891
f 832 957 897
f 829 891 957
f 897 957 891
f 840 956 955
f 829 957 956
f 832 955 957
f 956 957 955
f 811 939 907
f 842 958 939
f 834 907 958
f 939 958 907
f 807 902 935
f 831 959 902
f 842 935 959
f 902 959 935
f 815 904 898
f 834 960 904
f 831 898 960
f 904 960 898
f 842 959 958
f 831 960 959
f 834 958 960
f 959 960 958
f 813 946 914
f 844 961 946
f 836 914 961
f 946 961 914
f 811 909 942
f 833 962 909
f 844 942 962
f 909 962 942
f 812 911 905
f 836 963 911
f 833 905 963
f 911 963 905
f 844 962 961
f 833 963 962
f 836 961 963
f 962 963 961
f 814 951 886
f 846 964 951
f 828 886 964
f 951 964 886
f 813 916 948
f 835 965 916
f 846 948 965
f 916 965 948
f 806 883 912
f 828 966 883
f 835 912 966
f 883 966 912
f 846 965 964
f 835 966 965
f 828 964 966
f 965 966 964
o Calyx_L
s 1
v -0.283088 0.402078 0.140000
v -0.156912 0.402078 0.140000
v -0.283088 0.197922 0.140000
v -0.156912 0.197922 0.140000
v -0.220000 0.236912 0.242078
v -0.220000 0.363088 0.242078
v -0.220000 0.236912 0.037922
v -0.220000 0.363088 0.037922
v -0.117922 0.300000 0.076912
v -0.117922 0.300000 0.203088
v -0.322078 0.300000 0.076912
v -0.322078 0.300000 0.203088
v -0.317082 0.360000 0.177082
v -0.280000 0.337082 0.237082
v -0.257082 0.397082 0.200000
v -0.182918 0.397082 0.200000
v -0.220000 0.420000 0.140000
v -0.182918 0.397082 0.080000
v -0.257082 0.397082 0.080000
v -0.280000 0.337082 0.042918
v -0.317082 0.360000 0.102918
v -0.340000 0.300000 0.140000
v -0.160000 0.337082 0.237082
v -0.122918 0.360000 0.177082
v -0.280000 0.262918 0.237082
v -0.220000 0.300000 0.260000
v -0.317082 0.240000 0.102918
v -0.317082 0.240000 0.177082
v -0.220000 0.300000 0.020000
v -0.280000 0.262918 0.042918
v -0.122918 0.360000 0.102918
v -0.160000 0.337082 0.042918
v -0.122918 0.240000 0.177082
v -0.160000 0.262918 0.237082
v -0.182918 0.202918 0.200000
v -0.257082 0.202918 0.200000
v -0.220000 0.180000 0.140000
v -0.257082 0.202918 0.080000
v -0.182918 0.202918 0.080000
v -0.160000 0.262918 0.042918
v -0.122918 0.240000 0.102918
v -0.100000 0.300000 0.140000
v -0.303254 0.384246 0.159275
v -0.290534 0.382583 0.191039
v -0.272067 0.403520 0.171187
v -0.304246 0.319275 0.223254
v -0.302583 0.351039 0.210534
v -0.323520 0.331187 0.192067
v -0.239275 0.383254 0.224246
v -0.271039 0.370534 0.222583
v -0.251187 0.352067 0.243520
v -0.239495 0.414127 0.171544
v -0.252792 0.415433 0.140000
v -0.200725 0.383254 0.224246
v -0.220000 0.402078 0.203088
v -0.187208 0.415433 0.140000
v -0.200505 0.414127 0.171544
v -0.167933 0.403520 0.171187
v -0.239495 0.414127 0.108456
v -0.272067 0.403520 0.108813
v -0.167933 0.403520 0.108813
v -0.200505 0.414127 0.108456
v -0.239275 0.383254 0.055754
v -0.220000 0.402078 0.076912
v -0.200725 0.383254 0.055754
v -0.290534 0.382583 0.088961
v -0.303254 0.384246 0.120725
v -0.251187 0.352067 0.036480
v -0.271039 0.370534 0.057417
v -0.323520 0.331187 0.087933
v -0.302583 0.351039 0.069466
v -0.304246 0.319275 0.056746
v -0.322078 0.363088 0.140000
v -0.335433 0.300000 0.107208
v -0.334127 0.331544 0.120505
v -0.334127 0.331544 0.159495
v -0.335433 0.300000 0.172792
v -0.149466 0.382583 0.191039
v -0.136746 0.384246 0.159275
v -0.188813 0.352067 0.243520
v -0.168961 0.370534 0.222583
v -0.116480 0.331187 0.192067
v -0.137417 0.351039 0.210534
v -0.135754 0.319275 0.223254
v -0.251544 0.319495 0.254127
v -0.220000 0.332792 0.255433
v -0.304246 0.280725 0.223254
v -0.283088 0.300000 0.242078
v -0.220000 0.267208 0.255433
v -0.251544 0.280505 0.254127
v -0.251187 0.247933 0.243520
v -0.334127 0.268456 0.159495
v -0.323520 0.268813 0.192067
v -0.323520 0.268813 0.087933
v -0.334127 0.268456 0.120505
v -0.303254 0.215754 0.159275
v -0.322078 0.236912 0.140000
v -0.303254 0.215754 0.120725
v -0.283088 0.300000 0.037922
v -0.304246 0.280725 0.056746
v -0.220000 0.332792 0.024567
v -0.251544 0.319495 0.025873
v -0.251187 0.247933 0.036480
v -0.251544 0.280505 0.025873
v -0.220000 0.267208 0.024567
v -0.168961 0.370534 0.057417
v -0.188813 0.352067 0.036480
v -0.136746 0.384246 0.120725
v -0.149466 0.382583 0.088961
v -0.135754 0.319275 0.056746
v -0.137417 0.351039 0.069466
v -0.116480 0.331187 0.087933
v -0.136746 0.215754 0.159275
v -0.149466 0.217417 0.191039
v -0.167933 0.196480 0.171187
v -0.135754 0.280725 0.223254
v -0.137417 0.248961 0.210534
v -0.116480 0.268813 0.192067
v -0.200725 0.216746 0.224246
v -0.168961 0.229466 0.222583
v -0.188813 0.247933 0.243520
v -0.200505 0.185873 0.171544
v -0.187208 0.184567 0.140000
v -0.239275 0.216746 0.224246
v -0.220000 0.197922 0.203088
v -0.252792 0.184567 0.140000
v -0.239495 0.185873 0.171544
v -0.272067 0.196480 0.171187
v -0.200505 0.185873 0.108456
v -0.167933 0.196480 0.108813
v -0.272067 0.196480 0.108813
v -0.239495 0.185873 0.108456
v -0.200725 0.216746 0.055754
v -0.220000 0.197922 0.076912
v -0.239275 0.216746 0.055754
v -0.149466 0.217417 0.088961
v -0.136746 0.215754 0.120725
v -0.188813 0.247933 0.036480
v -0.168961 0.229466 0.057417
v -0.116480 0.268813 0.087933
v -0.137417 0.248961 0.069466
v -0.135754 0.280725 0.056746
v -0.117922 0.236912 0.140000
v -0.104567 0.300000 0.107208
v -0.105873 0.268456 0.120505
v -0.105873 0.268456 0.159495
v -0.104567 0.300000 0.172792
v -0.188456 0.280505 0.254127
v -0.156912 0.300000 0.242078
v -0.188456 0.319495 0.254127
v -0.290534 0.217417 0.191039
v -0.271039 0.229466 0.222583
v -0.302583 0.248961 0.210534
v -0.271039 0.229466 0.057417
v -0.290534 0.217417 0.088961
v -0.302583 0.248961 0.069466
v -0.156912 0.300000 0.037922
v -0.188456 0.280505 0.025873
v -0.188456 0.319495 0.025873
v -0.105873 0.331544 0.159495
v -0.105873 0.331544 0.120505
v -0.117922 0.363088 0.140000
f 967 1009 1011
f 979 1010 1009
f 981 1011 1010
f 1009 1010 1011
f 978 1012 1014
f 980 1013 1012
f 979 1014 1013
f 1012 1013 1014
f 972 1015 1017
f 981 1016 1015
f 980 1017 1016
f 1015 1016 1017
f 979 1013 1010
f 980 1016 1013
f 981 1010 1016
f 1013 1016 1010
f 967 1011 1019
f 981 1018 1011
f 983 1019 1018
f 1011 1018 1019
f 972 1020 1015
f 982 1021 1020
f 981 1015 1021
f 1020 1021 1015
f 968 1022 1024
f 983 1023 1022
f 982 1024 1023
f 1022 1023 1024
f 981 1021 1018
f 982 1023 1021
f 983 1018 1023
f 1021 1023 1018
f 967 1019 1026
f 983 1025 1019
f 985 1026 1025
f 1019 1025 1026
f 968 1027 1022
f 984 1028 1027
f 983 1022 1028
f 1027 1028 1022
f 974 1029 1031
f 985 1030 1029
f 984 1031 1030
f 1029 1030 1031
f 983 1028 1025
f 984 1030 1028
f 985 1025 1030
f 1028 1030 1025
f 967 1026 1033
f 985 1032 1026
f 987 1033 1032
f 1026 1032 1033
f 974 1034 1029
f 986 1035 1034
f 985 1029 1035
f 1034 1035 1029
f 977 1036 1038
f 987 1037 1036
f 986 1038 1037
f 1036 1037 1038
f 985 1035 1032
f 986 1037 1035
f 987 1032 1037
f 1035 1037 1032
f 967 1033 1009
f 987 1039 1033
f 979 1009 1039
f 1033 1039 1009
f 977 1040 1036
f 988 1041 1040
f 987 1036 1041
f 1040 1041 1036
f 978 1014 1043
f 979 1042 1014
f 988 1043 1042
f 1014 1042 1043
f 987 1041 1039
f 988 1042 1041
f 979 1039 1042
f 1041 1042 1039
f 968 1024 1045
f 982 1044 1024
f 990 1045 1044
f 1024 1044 1045
f 972 1046 1020
f 989 1047 1046
f 982 1020 1047
f 1046 1047 1020
f 976 1048 1050
f 990 1049 1048
f 989 1050 1049
f 1048 1049 1050
f 982 1047 1044
f 989 1049 1047
f 990 1044 1049
f 1047 1049 1044
f 972 1017 1052
f 980 1051 1017
f 992 1052 1051
f 1017 1051 1052
f 978 1053 1012
f 991 1054 1053
f 980 1012 1054
f 1053 1054 1012
f 971 1055 1057
f 992 1056 1055
f 991 1057 1056
f 1055 1056 1057
f 980 1054 1051
f 991 1056 1054
f 992 1051 1056
f 1054 1056 1051
f 978 1043 1059
f 988 1058 1043
f 994 1059 1058
f 1043 1058 1059
f 977 1060 1040
f 993 1061 1060
f 988 1040 1061
f 1060 1061 1040
f 969 1062 1064
f 994 1063 1062
f 993 1064 1063
f 1062 1063 1064
f 988 1061 1058
f 993 1063 1061
f 994 1058 1063
f 1061 1063 1058
f 977 1038 1066
f 986 1065 1038
f 996 1066 1065
f 1038 1065 1066
f 974 1067 1034
f 995 1068 1067
f 986 1034 1068
f 1067 1068 1034
f 973 1069 1071
f 996 1070 1069
f 995 1071 1070
f 1069 1070 1071
f 986 1068 1065
f 995 1070 1068
f 996 1065 1070
f 1068 1070 1065
f 974 1031 1073
f 984 1072 1031
f 998 1073 1072
f 1031 1072 1073
f 968 1074 1027
f 997 1075 1074
f 984 1027 1075
f 1074 1075 1027
f 975 1076 1078
f 998 1077 1076
f 997 1078 1077
f 1076 1077 1078
f 984 1075 1072
f 997 1077 1075
f 998 1072 1077
f 1075 1077 1072
f 970 1079 1081
f 999 1080 1079
f 1001 1081 1080
f 1079 1080 1081
f 976 1082 1084
f 1000 1083 1082
f 999 1084 1083
f 1082 1083 1084
f 971 1085 1087
f 1001 1086 1085
f 1000 1087 1086
f 1085 1086 1087
f 999 1083 1080
f 1000 1086 1083
f 1001 1080 1086
f 1083 1086 1080
f 970 1081 1089
f 1001 1088 1081
f 1003 1089 1088
f 1081 1088 1089
f 971 1090 1085
f 1002 1091 1090
f 1001 1085 1091
f 1090 1091 1085
f 969 1092 1094
f 1003 1093 1092
f 1002 1094 1093
f 1092 1093 1094
f 1001 1091 1088
f 1002 1093 1091
f 1003 1088 1093
f 1091 1093 1088
f 970 1089 1096
f 1003 1095 1089
f 1005 1096 1095
f 1089 1095 1096
f 969 1097 1092
f 1004 1098 1097
f 1003 1092 1098
f 1097 1098 1092
f 973 1099 1101
f 1005 1100 1099
f 1004 1101 1100
f 1099 1100 1101
f 1003 1098 1095
f 1004 1100 1098
f 1005 1095 1100
f 1098 1100 1095
f 970 1096 1103
f 1005 1102 1096
f 1007 1103 1102
f 1096 1102 1103
f 973 1104 1099
f 1006 1105 1104
f 1005 1099 1105
f 1104 1105 1099
f 975 1106 1108
f 1007 1107 1106
f 1006 1108 1107
f 1106 1107 1108
f 1005 1105 1102
f 1006 1107 1105
f 1007 1102 1107
f 1105 1107 1102
f 970 1103 1079
f 1007 1109 1103
f 999 1079 1109
f 1103 1109 1079
f 975 1110 1106
f 1008 1111 1110
f 1007 1106 1111
f 1110 1111 1106
f 976 1084 1113
f 999 1112 1084
f 1008 1113 1112
f 1084 1112 1113
f 1007 1111 1109
f 1008 1112 1111
f 999 1109 1112
f 1111 1112 1109
f 971 1087 1055
f 1000 1114 1087
f 992 1055 1114
f 1087 1114 1055
f 976 1050 1082
f 989 1115 1050
f 1000 1082 1115
f 1050 1115 1082
f 972 1052 1046
f 992 1116 1052
f 989 1046 1116
f 1052 1116 1046
f 1000 1115 1114
f 989 1116 1115
f 992 1114 1116
f 1115 1116 1114
f 969 1094 1062
f 1002 1117 1094
f 994 1062 1117
f 1094 1117 1062
f 971 1057 1090
f 991 1118 1057
f 1002 1090 1118
f 1057 1118 1090
f 978 1059 1053
f 994 1119 1059
f 991 1053 1119
f 1059 1119 1053
f 1002 1118 1117
f 991 1119 1118
f 994 1117 1119
f 1118 1119 1117
f 973 1101 1069
f 1004 1120 1101
f 996 1069 1120
f 1101 1120 1069
f 969 1064 1097
f 993 1121 1064
f 1004 1097 1121
f 1064 1121 1097
f 977 1066 1060
f 996 1122 1066
f 993 1060 1122
f 1066 1122 1060
f 1004 1121 1120
f 993 1122 1121
f 996 1120 1122
f 1121 1122 1120
f 975 1108 1076
f 1006 1123 1108
f 998 1076 1123
f 1108 1123 1076
f 973 1071 1104
f 995 1124 1071
f 1006 1104 1124
f 1071 1124 1104
f 974 1073 1067
f 998 1125 1073
f 995 1067 1125
f 1073 1125 1067
f 1006 1124 1123
f 995 1125 1124
f 998 1123 1125
f 1124 1125 1123
f 976 1113 1048
f 1008 1126 1113
f 990 1048 1126
f 1113 1126 1048
f 975 1078 1110
f 997 1127 1078
f 1008 1110 1127
f 1078 1127 1110
f 968 1045 1074
f 990 1128 1045
f 997 1074 1128
f 1045 1128 1074
f 1008 1127 1126
f 997 1128 1127
f 990 1126 1128
f 1127 1128 1126
o Calyx_R
s 1
v 0.156912 0.402078 0.140000
v 0.283088 0.402078 0.140000
v 0.156912 0.197922 0.140000
v 0.283088 0.197922 0.140000
v 0.220000 0.236912 0.242078
v 0.220000 0.363088 0.242078
v 0.220000 0.236912 0.037922
v 0.220000 0.363088 0.037922
v 0.322078 0.300000 0.076912
v 0.322078 0.300000 0.203088
v 0.117922 0.300000 0.076912
v 0.117922 0.300000 0.203088
v 0.122918 0.360000 0.177082
v 0.160000 0.337082 0.237082
v 0.182918 0.397082 0.200000
v 0.257082 0.397082 0.200000
v 0.220000 0.420000 0.140000
v 0.257082 0.397082 0.080000
v 0.182918 0.397082 0.080000
v 0.160000 0.337082 0.042918
v 0.122918 0.360000 0.102918
v 0.100000 0.300000 0.140000
v 0.280000 0.337082 0.237082
v 0.317082 0.360000 0.177082
v 0.160000 0.262918 0.237082
v 0.220000 0.300000 0.260000
v 0.122918 0.240000 0.102918
v 0.122918 0.240000 0.177082
v 0.220000 0.300000 0.020000
v 0.160000 0.262918 0.042918
v 0.317082 0.360000 0.102918
v 0.280000 0.337082 0.042918
v 0.317082 0.240000 0.177082
v 0.280000 0.262918 0.237082
v 0.257082 0.202918 0.200000
v 0.182918 0.202918 0.200000
v 0.220000 0.180000 0.140000
v 0.182918 0.202918 0.080000
v 0.257082 0.202918 0.080000
v 0.280000 0.262918 0.042918
v 0.317082 0.240000 0.102918
v 0.340000 0.300000 0.140000
v 0.136746 0.384246 0.159275
v 0.149466 0.382583 0.191039
v 0.167933 0.403520 0.171187
v 0.135754 0.319275 0.223254
v 0.137417 0.351039 0.210534
v 0.116480 0.331187 0.192067
v 0.200725 0.383254 0.224246
v 0.168961 0.370534 0.222583
v 0.188813 0.352067 0.243520
v 0.200505 0.414127 0.171544
v 0.187208 0.415433 0.140000
v 0.239275 0.383254 0.224246
v 0.220000 0.402078 0.203088
v 0.252792 0.415433 0.140000
v 0.239495 0.414127 0.171544
v 0.272067 0.403520 0.171187
v 0.200505 0.414127 0.108456
v 0.167933 0.403520 0.108813
v 0.272067 0.403520 0.108813
v 0.239495 0.414127 0.108456
v 0.200725 0.383254 0.055754
v 0.220000 0.402078 0.076912
v 0.239275 0.383254 0.055754
v 0.149466 0.382583 0.088961
v 0.136746 0.384246 0.120725
v 0.188813 0.352067 0.036480
v 0.168961 0.370534 0.057417
v 0.116480 0.331187 0.087933
v 0.137417 0.351039 0.069466
v 0.135754 0.319275 0.056746
v 0.117922 0.363088 0.140000
v 0.104567 0.300000 0.107208
v 0.105873 0.331544 0.120505
v 0.105873 0.331544 0.159495
v 0.104567 0.300000 0.172792
v 0.290534 0.382583 0.191039
v 0.303254 0.384246 0.159275
v 0.251187 0.352067 0.243520
v 0.271039 0.370534 0.222583
v 0.323520 0.331187 0.192067
v 0.302583 0.351039 0.210534
v 0.304246 0.319275 0.223254
v 0.188456 0.319495 0.254127
v 0.220000 0.332792 0.255433
v 0.135754 0.280725 0.223254
v 0.156912 0.300000 0.242078
v 0.220000 0.267208 0.255433
v 0.188456 0.280505 0.254127
v 0.188813 0.247933 0.243520
v 0.105873 0.268456 0.159495
v 0.116480 0.268813 0.192067
v 0.116480 0.268813 0.087933
v 0.105873 0.268456 0.120505
v 0.136746 0.215754 0.159275
v 0.117922 0.236912 0.140000
v 0.136746 0.215754 0.120725
v 0.156912 0.300000 0.037922
v 0.135754 0.280725 0.056746
v 0.220000 0.332792 0.024567
v 0.188456 0.319495 0.025873
v 0.188813 0.247933 0.036480
v 0.188456 0.280505 0.025873
v 0.220000 0.267208 0.024567
v 0.271039 0.370534 0.057417
v 0.251187 0.352067 0.036480
v 0.303254 0.384246 0.120725
v 0.290534 0.382583 0.088961
v 0.304246 0.319275 0.056746
v 0.302583 0.351039 0.069466
v 0.323520 0.331187 0.087933
v 0.303254 0.215754 0.159275
v 0.290534 0.217417 0.191039
v 0.272067 0.196480 0.171187
v 0.304246 0.280725 0.223254
v 0.302583 0.248961 0.210534
v 0.323520 0.268813 0.192067
v 0.239275 0.216746 0.224246
v 0.271039 0.229466 0.222583
v 0.251187 0.247933 0.243520
v 0.239495 0.185873 0.171544
v 0.252792 0.184567 0.140000
v 0.200725 0.216746 0.224246
v 0.220000 0.197922 0.203088
v 0.187208 0.184567 0.140000
v 0.200505 0.185873 0.171544
v 0.167933 0.196480 0.171187
v 0.239495 0.185873 0.108456
v 0.272067 0.196480 0.108813
v 0.167933 0.196480 0.108813
v 0.200505 0.185873 0.108456
v 0.239275 0.216746 0.055754
v 0.220000 0.197922 0.076912
v 0.200725 0.216746 0.055754
v 0.290534 0.217417 0.088961
v 0.303254 0.215754 0.120725
v 0.251187 0.247933 0.036480
v 0.271039 0.229466 0.057417
v 0.323520 0.268813 0.087933
v 0.302583 0.248961 0.069466
v 0.304246 0.280725 0.056746
v 0.322078 0.236912 0.140000
v 0.335433 0.300000 0.107208
v 0.334127 0.268456 0.120505
v 0.334127 0.268456 0.159495
v 0.335433 0.300000 0.172792
v 0.251544 0.280505 0.254127
v 0.283088 0.300000 0.242078
v 0.251544 0.319495 0.254127
v 0.149466 0.217417 0.191039
v 0.168961 0.229466 0.222583
v 0.137417 0.248961 0.210534
v 0.168961 0.229466 0.057417
v 0.149466 0.217417 0.088961
v 0.137417 0.248961 0.069466
v 0.283088 0.300000 0.037922
v 0.251544 0.280505 0.025873
v 0.251544 0.319495 0.025873
v 0.334127 0.331544 0.159495
v 0.334127 0.331544 0.120505
v 0.322078 0.363088 0.140000
f 1129 1171 1173
f 1141 1172 1171
f 1143 1173 1172
f 1171 1172 1173
f 1140 1174 1176
f 1142 1175 1174
f 1141 1176 1175
f 1174 1175 1176
f 1134 1177 1179
f 1143 1178 1177
f 1142 1179 1178
f 1177 1178 1179
f 1141 1175 1172
f 1142 1178 1175
f 1143 1172 1178
f 1175 1178 1172
f 1129 1173 1181
f 1143 1180 1173
f 1145 1181 1180
f 1173 1180 1181
f 1134 1182 1177
f 1144 1183 1182
f 1143 1177 1183
f 1182 1183 1177
f 1130 1184 1186
f 1145 1185 1184
f 1144 1186 1185
f 1184 1185 1186
f 1143 1183 1180
f 1144 1185 1183
f 1145 1180 1185
f 1183 1185 1180
f 1129 1181 1188
f 1145 1187 1181
f 1147 1188 1187
f 1181 1187 1188
f 1130 1189 1184
f 1146 1190 1189
f 1145 1184 1190
f 1189 1190 1184
f 1136 1191 1193
f 1147 1192 1191
f 1146 1193 1192
f 1191 1192 1193
f 1145 1190 1187
f 1146 1192 1190
f 1147 1187 1192
f 1190 1192 1187
f 1129 1188 1195
f 1147 1194 1188
f 1149 1195 1194
f 1188 1194 1195
f 1136 1196 1191
f 1148 1197 1196
f 1147 1191 1197
f 1196 1197 1191
f 1139 1198 1200
f 1149 1199 1198
f 1148 1200 1199
f 1198 1199 1200
f 1147 1197 1194
f 1148 1199 1197
f 1149 1194 1199
f 1197 1199 1194
f 1129 1195 1171
f 1149 1201 1195
f 1141 1171 1201
f 1195 1201 1171
f 1139 1202 1198
f 1150 1203 1202
f 1149 1198 1203
f 1202 1203 1198
f 1140 1176 1205
f 1141 1204 1176
f 1150 1205 1204
f 1176 1204 1205
f 1149 1203 1201
f 1150 1204 1203
f 1141 1201 1204
f 1203 1204 1201
f 1130 1186 1207
f 1144 1206 1186
f 1152 1207 1206
f 1186 1206 1207
f 1134 1208 1182
f 1151 1209 1208
f 1144 1182 1209
f 1208 1209 1182
f 1138 1210 1212
f 1152 1211 1210
f 1151 1212 1211
f 1210 1211 1212
f 1144 1209 1206
f 1151 1211 1209
f 1152 1206 1211
f 1209 1211 1206
f 1134 1179 1214
f 1142 1213 1179
f 1154 1214 1213
f 1179 1213 1214
f 1140 1215 1174
f 1153 1216 1215
f 1142 1174 1216
f 1215 1216 1174
f 1133 1217 1219
f 1154 1218 1217
f 1153 1219 1218
f 1217 1218 1219
f 1142 1216 1213
f 1153 1218 1216
f 1154 1213 1218
f 1216 1218 1213
f 1140 1205 1221
f 1150 1220 1205
f 1156 1221 1220
f 1205 1220 1221
f 1139 1222 1202
f 1155 1223 1222
f 1150 1202 1223
f 1222 1223 1202
f 1131 1224 1226
f 1156 1225 1224
f 1155 1226 1225
f 1224 1225 1226
f 1150 1223 1220
f 1155 1225 1223
f 1156 1220 1225
f 1223 1225 1220
f 1139 1200 1228
f 1148 1227 1200
f 1158 1228 1227
f 1200 1227 1228
f 1136 1229 1196
f 1157 1230 1229
f 1148 1196 1230
f 1229 1230 1196
f 1135 1231 1233
f 1158 1232 1231
f 1157 1233 1232
f 1231 1232 1233
f 1148 1230 1227
f 1157 1232 1230
f 1158 1227 1232
f 1230 1232 1227
f 1136 1193 1235
f 1146 1234 1193
f 1160 1235 1234
f 1193 1234 1235
f 1130 1236 1189
f 1159 1237 1236
f 1146 1189 1237
f 1236 1237 1189
f 1137 1238 1240
f 1160 1239 1238
f 1159 1240 1239
f 1238 1239 1240
f 1146 1237 1234
f 1159 1239 1237
f 1160 1234 1239
f 1237 1239 1234
f 1132 1241 1243
f 1161 1242 1241
f 1163 1243 1242
f 1241 1242 1243
f 1138 1244 1246
f 1162 1245 1244
f 1161 1246 1245
f 1244 1245 1246
f 1133 1247 1249
f 1163 1248 1247
f 1162 1249 1248
f 1247 1248 1249
f 1161 1245 1242
f 1162 1248 1245
f 1163 1242 1248
f 1245 1248 1242
f 1132 1243 1251
f 1163 1250 1243
f 1165 1251 1250
f 1243 1250 1251
f 1133 1252 1247
f 1164 1253 1252
f 1163 1247 1253
f 1252 1253 1247
f 1131 1254 1256
f 1165 1255 1254
f 1164 1256 1255
f 1254 1255 1256
f 1163 1253 1250
f 1164 1255 1253
f 1165 1250 1255
f 1253 1255 1250
f 1132 1251 1258
f 1165 1257 1251
f 1167 1258 1257
f 1251 1257 1258
f 1131 1259 1254
f 1166 1260 1259
f 1165 1254 1260
f 1259 1260 1254
f 1135 1261 1263
f 1167 1262 1261
f 1166 1263 1262
f 1261 1262 1263
f 1165 1260 1257
f 1166 1262 1260
f 1167 1257 1262
f 1260 1262 1257
f 1132 1258 1265
f 1167 1264 1258
f 1169 1265 1264
f 1258 1264 1265
f 1135 1266 1261
f 1168 1267 1266
f 1167 1261 1267
f 1266 1267 1261
f 1137 1268 1270
f 1169 1269 1268
f 1168 1270 1269
f 1268 1269 1270
f 1167 1267 1264
f 1168 1269 1267
f 1169 1264 1269
f 1267 1269 1264
f 1132 1265 1241
f 1169 1271 1265
f 1161 1241 1271
f 1265 1271 1241
f 1137 1272 1268
f 1170 1273 1272
f 1169 1268 1273
f 1272 1273 1268
f 1138 1246 1275
f 1161 1274 1246
f 1170 1275 1274
f 1246 1274 1275
f 1169 1273 1271
f 1170 1274 1273
f 1161 1271 1274
f 1273 1274 1271
f 1133 1249 1217
f 1162 1276 1249
f 1154 1217 1276
f 1249 1276 1217
f 1138 1212 1244
f 1151 1277 1212
f 1162 1244 1277
f 1212 1277 1244
f 1134 1214 1208
f 1154 1278 1214
f 1151 1208 1278
f 1214 1278 1208
f 1162 1277 1276
f 1151 1278 1277
f 1154 1276 1278
f 1277 1278 1276
f 1131 1256 1224
f 1164 1279 1256
f 1156 1224 1279
f 1256 1279 1224
f 1133 1219 1252
f 1153 1280 1219
f 1164 1252 1280
f 1219 1280 1252
f 1140 1221 1215
f 1156 1281 1221
f 1153 1215 1281
f 1221 1281 1215
f 1164 1280 1279
f 1153 1281 1280
f 1156 1279 1281
f 1280 1281 1279
f 1135 1263 1231
f 1166 1282 1263
f 1158 1231 1282
f 1263 1282 1231
f 1131 1226 1259
f 1155 1283 1226
f 1166 1259 1283
f 1226 1283 1259
f 1139 1228 1222
f 1158 1284 1228
f 1155 1222 1284
f 1228 1284 1222
f 1166 1283 1282
f 1155 1284 1283
f 1158 1282 1284
f 1283 1284 1282
f 1137 1270 1238
f 1168 1285 1270
f 1160 1238 1285
f 1270 1285 1238
f 1135 1233 1266
f 1157 1286 1233
f 1168 1266 1286
f 1233 1286 1266
f 1136 1235 1229
f 1160 1287 1235
f 1157 1229 1287
f 1235 1287 1229
f 1168 1286 1285
f 1157 1287 1286
f 1160 1285 1287
f 1286 1287 1285
f 1138 1275 1210
f 1170 1288 1275
f 1152 1210 1288
f 1275 1288 1210
f 1137 1240 1272
f 1159 1289 1240
f 1170 1272 1289
f 1240 1289 1272
f 1130 1207 1236
f 1152 1290 1207
f 1159 1236 1290
f 1207 1290 1236
f 1170 1289 1288
f 1159 1290 1289
f 1152 1288 1290
f 1289 1290 1288
o CentralComplex
s 1
v -0.078860 0.179111 0.040000
v 0.078860 0.179111 0.040000
v -0.078860 0.020889 0.040000
v 0.078860 0.020889 0.040000
v 0.000000 0.051107 0.135698
v 0.000000 0.148893 0.135698
v 0.000000 0.051107 -0.055698
v 0.000000 0.148893 -0.055698
v 0.127598 0.100000 -0.019145
v 0.127598 0.100000 0.099145
v -0.127598 0.100000 -0.019145
v -0.127598 0.100000 0.099145
v -0.121353 0.146500 0.074764
v -0.075000 0.128739 0.131014
v -0.046353 0.175239 0.096250
v 0.046353 0.175239 0.096250
v 0.000000 0.193000 0.040000
v 0.046353 0.175239 -0.016250
v -0.046353 0.175239 -0.016250
v -0.075000 0.128739 -0.051014
v -0.121353 0.146500 0.005236
v -0.150000 0.100000 0.040000
v 0.075000 0.128739 0.131014
v 0.121353 0.146500 0.074764
v -0.075000 0.071261 0.131014
v 0.000000 0.100000 0.152500
v -0.121353 0.053500 0.005236
v -0.121353 0.053500 0.074764
v 0.000000 0.100000 -0.072500
v -0.075000 0.071261 -0.051014
v 0.121353 0.146500 0.005236
v 0.075000 0.128739 -0.051014
v 0.121353 0.053500 0.074764
v 0.075000 0.071261 0.131014
v 0.046353 0.024761 0.096250
v -0.046353 0.024761 0.096250
v 0.000000 0.007000 0.040000
v -0.046353 0.024761 -0.016250
v 0.046353 0.024761 -0.016250
v 0.075000 0.071261 -0.051014
v 0.121353 0.053500 0.005236
v 0.150000 0.100000 0.040000
v -0.104067 0.165290 0.058070
v -0.088168 0.164002 0.087849
v -0.065083 0.180228 0.069238
v -0.105307 0.114938 0.118050
v -0.103229 0.139555 0.106126
v -0.129400 0.124170 0.088812
v -0.024093 0.164522 0.118980
v -0.063799 0.154664 0.117421
v -0.038984 0.140352 0.137050
v -0.024369 0.188448 0.069572
v -0.040990 0.189460 0.040000
v 0.024093 0.164522 0.118980
v 0.000000 0.179111 0.099145
v 0.040990 0.189460 0.040000
v 0.024369 0.188448 0.069572
v 0.065083 0.180228 0.069238
v -0.024369 0.188448 0.010428
v -0.065083 0.180228 0.010762
v 0.065083 0.180228 0.010762
v 0.024369 0.188448 0.010428
v -0.024093 0.164522 -0.038980
v 0.000000 0.179111 -0.019145
v 0.024093 0.164522 -0.038980
v -0.088168 0.164002 -0.007849
v -0.104067 0.165290 0.021930
v -0.038984 0.140352 -0.057050
v -0.063799 0.154664 -0.037421
v -0.129400 0.124170 -0.008812
v -0.103229 0.139555 -0.026126
v -0.105307 0.114938 -0.038050
v -0.127598 0.148893 0.040000
v -0.144291 0.100000 0.009258
v -0.142658 0.124446 0.021723
v -0.142658 0.124446 0.058277
v -0.144291 0.100000 0.070742
v 0.088168 0.164002 0.087849
v 0.104067 0.165290 0.058070
v 0.038984 0.140352 0.137050
v 0.063799 0.154664 0.117421
v 0.129400 0.124170 0.088812
v 0.103229 0.139555 0.106126
v 0.105307 0.114938 0.118050
v -0.039430 0.115109 0.146994
v 0.000000 0.125414 0.148218
v -0.105307 0.085062 0.118050
v -0.078860 0.100000 0.135698
v 0.000000 0.074586 0.148218
v -0.039430 0.084891 0.146994
v -0.038984 0.059648 0.137050
v -0.142658 0.075554 0.058277
v -0.129400 0.075830 0.088812
v -0.129400 0.075830 -0.008812
v -0.142658 0.075554 0.021723
v -0.104067 0.034710 0.058070
v -0.127598 0.051107 0.040000
v -0.104067 0.034710 0.021930
v -0.078860 0.100000 -0.055698
v -0.105307 0.085062 -0.038050
v 0.000000 0.125414 -0.068218
v -0.039430 0.115109 -0.066994
v -0.038984 0.059648 -0.057050
v -0.039430 0.084891 -0.066994
v 0.000000 0.074586 -0.068218
v 0.063799 0.154664 -0.037421
v 0.038984 0.140352 -0.057050
v 0.104067 0.165290 0.021930
v 0.088168 0.164002 -0.007849
v 0.105307 0.114938 -0.038050
v 0.103229 0.139555 -0.026126
v 0.129400 0.124170 -0.008812
v 0.104067 0.034710 0.058070
v 0.088168 0.035998 0.087849
v 0.065083 0.019772 0.069238
v 0.105307 0.085062 0.118050
v 0.103229 0.060445 0.106126
v 0.129400 0.075830 0.088812
v 0.024093 0.035478 0.118980
v 0.063799 0.045336 0.117421
v 0.038984 0.059648 0.137050
v 0.024369 0.011552 0.069572
v 0.040990 0.010540 0.040000
v -0.024093 0.035478 0.118980
v 0.000000 0.020889 0.099145
v -0.040990 0.010540 0.040000
v -0.024369 0.011552 0.069572
v -0.065083 0.019772 0.069238
v 0.024369 0.011552 0.010428
v 0.065083 0.019772 0.010762
v -0.065083 0.019772 0.010762
v -0.024369 0.011552 0.010428
v 0.024093 0.035478 -0.038980
v 0.000000 0.020889 -0.019145
v -0.024093 0.035478 -0.038980
v 0.088168 0.035998 -0.007849
v 0.104067 0.034710 0.021930
v 0.038984 0.059648 -0.057050
v 0.063799 0.045336 -0.037421
v 0.129400 0.075830 -0.008812
v 0.103229 0.060445 -0.026126
v 0.105307 0.085062 -0.038050
v 0.127598 0.051107 0.040000
v 0.144291 0.100000 0.009258
v 0.142658 0.075554 0.021723
v 0.142658 0.075554 0.058277
v 0.144291 0.100000 0.070742
v 0.039430 0.084891 0.146994
v 0.078860 0.100000 0.135698
v 0.039430 0.115109 0.146994
v -0.088168 0.035998 0.087849
v -0.063799 0.045336 0.117421
v -0.103229 0.060445 0.106126
v -0.063799 0.045336 -0.037421
v -0.088168 0.035998 -0.007849
v -0.103229 0.060445 -0.026126
v 0.078860 0.100000 -0.055698
v 0.039430 0.084891 -0.066994
v 0.039430 0.115109 -0.066994
v 0.142658 0.124446 0.058277
v 0.142658 0.124446 0.021723
v 0.127598 0.148893 0.040000
f 1291 1333 1335
f 1303 1334 1333
f 1305 1335 1334
f 1333 1334 1335
f 1302 1336 1338
f 1304 1337 1336
f 1303 1338 1337
f 1336 1337 1338
f 1296 1339 1341
f 1305 1340 1339
f 1304 1341 1340
f 1339 1340 1341
f 1303 1337 1334
f 1304 1340 1337
f 1305 1334 1340
f 1337 1340 1334
f 1291 1335 1343
f 1305 1342 1335
f 1307 1343 1342
f 1335 1342 1343
f 1296 1344 1339
f 1306 1345 1344
f 1305 1339 1345
f 1344 1345 1339
f 1292 1346 1348
f 1307 1347 1346
f 1306 1348 1347
f 1346 1347 1348
f 1305 1345 1342
f 1306 1347 1345
f 1307 1342 1347
f 1345 1347 1342
f 1291 1343 1350
f 1307 1349 1343
f 1309 1350 1349
f 1343 1349 1350
f 1292 1351 1346
f 1308 1352 1351
f 1307 1346 1352
f 1351 1352 1346
f 1298 1353 1355
f 1309 1354 1353
f 1308 1355 1354
f 1353 1354 1355
f 1307 1352 1349
f 1308 1354 1352
f 1309 1349 1354
f 1352 1354 1349
f 1291 1350 1357
f 1309 1356 1350
f 1311 1357 1356
f 1350 1356 1357
f 1298 1358 1353
f 1310 1359 1358
f 1309 1353 1359
f 1358 1359 1353
f 1301 1360 1362
f 1311 1361 1360
f 1310 1362 1361
f 1360 1361 1362
f 1309 1359 1356
f 1310 1361 1359
f 1311 1356 1361
f 1359 1361 1356
f 1291 1357 1333
f 1311 1363 1357
f 1303 1333 1363
f 1357 1363 1333
f 1301 1364 1360
f 1312 1365 1364
f 1311 1360 1365
f 1364 1365 1360
f 1302 1338 1367
f 1303 1366 1338
f 1312 1367 1366
f 1338 1366 1367
f 1311 1365 1363
f 1312 1366 1365
f 1303 1363 1366
f 1365 1366 1363
f 1292 1348 1369
f 1306 1368 1348
f 1314 1369 1368
f 1348 1368 1369
f 1296 1370 1344
f 1313 1371 1370
f 1306 1344 1371
f 1370 1371 1344
f 1300 1372 1374
f 1314 1373 1372
f 1313 1374 1373
f 1372 1373 1374
f 1306 1371 1368
f 1313 1373 1371
f 1314 1368 1373
f 1371 1373 1368
f 1296 1341 1376
f 1304 1375 1341
f 1316 1376 1375
f 1341 1375 1376
f 1302 1377 1336
f 1315 1378 1377
f 1304 1336 1378
f 1377 1378 1336
f 1295 1379 1381
f 1316 1380 1379
f 1315 1381 1380
f 1379 1380 1381
f 1304 1378 1375
f 1315 1380 1378
f 1316 1375 1380
f 1378 1380 1375
f 1302 1367 1383
f 1312 1382 1367
f 1318 1383 1382
f 1367 1382 1383
f 1301 1384 1364
f 1317 1385 1384
f 1312 1364 1385
f 1384 1385 1364
f 1293 1386 1388
f 1318 1387 1386
f 1317 1388 1387
f 1386 1387 1388
f 1312 1385 1382
f 1317 1387 1385
f 1318 1382 1387
f 1385 1387 1382
f 1301 1362 1390
f 1310 1389 1362
f 1320 1390 1389
f 1362 1389 1390
f 1298 1391 1358
f 1319 1392 1391
f 1310 1358 1392
f 1391 1392 1358
f 1297 1393 1395
f 1320 1394 1393
f 1319 1395 1394
f 1393 1394 1395
f 1310 1392 1389
f 1319 1394 1392
f 1320 1389 1394
f 1392 1394 1389
f 1298 1355 1397
f 1308 1396 1355
f 1322 1397 1396
f 1355 1396 1397
f 1292 1398 1351
f 1321 1399 1398
f 1308 1351 1399
f 1398 1399 1351
f 1299 1400 1402
f 1322 1401 1400
f 1321 1402 1401
f 1400 1401 1402
f 1308 1399 1396
f 1321 1401 1399
f 1322 1396 1401
f 1399 1401 1396
f 1294 1403 1405
f 1323 1404 1403
f 1325 1405 1404
f 1403 1404 1405
f 1300 1406 1408
f 1324 1407 1406
f 1323 1408 1407
f 1406 1407 1408
f 1295 1409 1411
f 1325 1410 1409
f 1324 1411 1410
f 1409 1410 1411
f 1323 1407 1404
f 1324 1410 1407
f 1325 1404 1410
f 1407 1410 1404
f 1294 1405 1413
f 1325 1412 1405
f 1327 1413 1412
f 1405 1412 1413
f 1295 1414 1409
f 1326 1415 1414
f 1325 1409 1415
f 1414 1415 1409
f 1293 1416 1418
f 1327 1417 1416
f 1326 1418 1417
f 1416 1417 1418
f 1325 1415 1412
f 1326 1417 1415
f 1327 1412 1417
f 1415 1417 1412
f 1294 1413 1420
f 1327 1419 1413
f 1329 1420 1419
f 1413 1419 1420
f 1293 1421 1416
f 1328 1422 1421
f 1327 1416 1422
f 1421 1422 1416
f 1297 1423 1425
f 1329 1424 1423
f 1328 1425 1424
f 1423 1424 1425
f 1327 1422 1419
f 1328 1424 1422
f 1329 1419 1424
f 1422 1424 1419
f 1294 1420 1427
f 1329 1426 1420
f 1331 1427 1426
f 1420 1426 1427
f 1297 1428 1423
f 1330 1429 1428
f 1329 1423 1429
f 1428 1429 1423
f 1299 1430 1432
f 1331 1431 1430
f 1330 1432 1431
f 1430 1431 1432
f 1329 1429 1426
f 1330 1431 1429
f 1331 1426 1431
f 1429 1431 1426
f 1294 1427 1403
f 1331 1433 1427
f 1323 1403 1433
f 1427 1433 1403
f 1299 1434 1430
f 1332 1435 1434
f 1331 1430 1435
f 1434 1435 1430
f 1300 1408 1437
f 1323 1436 1408
f 1332 1437 1436
f 1408 1436 1437
f 1331 1435 1433
f 1332 1436 1435
f 1323 1433 1436
f 1435 1436 1433
f 1295 1411 1379
f 1324 1438 1411
f 1316 1379 1438
f 1411 1438 1379
f 1300 1374 1406
f 1313 1439 1374
f 1324 1406 1439
f 1374 1439 1406
f 1296 1376 1370
f 1316 1440 1376
f 1313 1370 1440
f 1376 1440 1370
f 1324 1439 1438
f 1313 1440 1439
f 1316 1438 1440
f 1439 1440 1438
f 1293 1418 1386
f 1326 1441 1418
f 1318 1386 1441
f 1418 1441 1386
f 1295 1381 1414
f 1315 1442 1381
f 1326 1414 1442
f 1381 1442 1414
f 1302 1383 1377
f 1318 1443 1383
f 1315 1377 1443
f 1383 1443 1377
f 1326 1442 1441
f 1315 1443 1442
f 1318 1441 1443
f 1442 1443 1441
f 1297 1425 1393
f 1328 1444 1425
f 1320 1393 1444
f 1425 1444 1393
f 1293 1388 1421
f 1317 1445 1388
f 1328 1421 1445
f 1388 1445 1421
f 1301 1390 1384
f 1320 1446 1390
f 1317 1384 1446
f 1390 1446 1384
f 1328 1445 1444
f 1317 1446 1445
f 1320 1444 1446
f 1445 1446 1444
f 1299 1432 1400
f 1330 1447 1432
f 1322 1400 1447
f 1432 1447 1400
f 1297 1395 1428
f 1319 1448 1395
f 1330 1428 1448
f 1395 1448 1428
f 1298 1397 1391
f 1322 1449 1397
f 1319 1391 1449
f 1397 1449 1391
f 1330 1448 1447
f 1319 1449 1448
f 1322 1447 1449
f 1448 1449 1447
f 1300 1437 1372
f 1332 1450 1437
f 1314 1372 1450
f 1437 1450 1372
f 1299 1402 1434
f 1321 1451 1402
f 1332 1434 1451
f 1402 1451 1434
f 1292 1369 1398
f 1314 1452 1369
f 1321 1398 1452
f 1369 1452 1398
f 1332 1451 1450
f 1321 1452 1451
f 1314 1450 1452
f 1451 1452 1450
o AntennalLobe_L
s 1
v -0.417830 -0.126428 0.340000
v -0.302170 -0.126428 0.340000
v -0.417830 -0.313572 0.340000
v -0.302170 -0.313572 0.340000
v -0.360000 -0.277830 0.433572
v -0.360000 -0.162170 0.433572
v -0.360000 -0.277830 0.246428
v -0.360000 -0.162170 0.246428
v -0.266428 -0.220000 0.282170
v -0.266428 -0.220000 0.397830
v -0.453572 -0.220000 0.282170
v -0.453572 -0.220000 0.397830
v -0.448992 -0.165000 0.373992
v -0.415000 -0.186008 0.428992
v -0.393992 -0.131008 0.395000
v -0.326008 -0.131008 0.395000
v -0.360000 -0.110000 0.340000
v -0.326008 -0.131008 0.285000
v -0.393992 -0.131008 0.285000
v -0.415000 -0.186008 0.251008
v -0.448992 -0.165000 0.306008
v -0.470000 -0.220000 0.340000
v -0.305000 -0.186008 0.428992
v -0.271008 -0.165000 0.373992
v -0.415000 -0.253992 0.428992
v -0.360000 -0.220000 0.450000
v -0.448992 -0.275000 0.306008
v -0.448992 -0.275000 0.373992
v -0.360000 -0.220000 0.230000
v -0.415000 -0.253992 0.251008
v -0.271008 -0.165000 0.306008
v -0.305000 -0.186008 0.251008
v -0.271008 -0.275000 0.373992
v -0.305000 -0.253992 0.428992
v -0.326008 -0.308992 0.395000
v -0.393992 -0.308992 0.395000
v -0.360000 -0.330000 0.340000
v -0.393992 -0.308992 0.285000
v -0.326008 -0.308992 0.285000
v -0.305000 -0.253992 0.251008
v -0.271008 -0.275000 0.306008
v -0.250000 -0.220000 0.340000
v -0.436316 -0.142775 0.357668
v -0.424656 -0.144299 0.386786
v -0.407728 -0.125106 0.368588
v -0.437225 -0.202332 0.416316
v -0.435701 -0.173214 0.404656
v -0.454894 -0.191412 0.387728
v -0.377668 -0.143684 0.417225
v -0.406786 -0.155344 0.415701
v -0.388588 -0.172272 0.434894
v -0.377871 -0.115384 0.368915
v -0.390059 -0.114187 0.340000
v -0.342332 -0.143684 0.417225
v -0.360000 -0.126428 0.397830
v -0.329941 -0.114187 0.340000
v -0.342129 -0.115384 0.368915
v -0.312272 -0.125106 0.368588
v -0.377871 -0.115384 0.311085
v -0.407728 -0.125106 0.311412
v -0.312272 -0.125106 0.311412
v -0.342129 -0.115384 0.311085
v -0.377668 -0.143684 0.262775
v -0.360000 -0.126428 0.282170
v -0.342332 -0.143684 0.262775
v -0.424656 -0.144299 0.293214
v -0.436316 -0.142775 0.322332
v -0.388588 -0.172272 0.245106
v -0.406786 -0.155344 0.264299
v -0.454894 -0.191412 0.292272
v -0.435701 -0.173214 0.275344
v -0.437225 -0.202332 0.263684
v -0.453572 -0.162170 0.340000
v -0.465813 -0.220000 0.309941
v -0.464616 -0.191085 0.322129
v -0.464616 -0.191085 0.357871
v -0.465813 -0.220000 0.370059
v -0.295344 -0.144299 0.386786
v -0.283684 -0.142775 0.357668
v -0.331412 -0.172272 0.434894
v -0.313214 -0.155344 0.415701
v -0.265106 -0.191412 0.387728
v -0.284299 -0.173214 0.404656
v -0.282775 -0.202332 0.416316
v -0.388915 -0.202129 0.444616
v -0.360000 -0.189941 0.445813
v -0.437225 -0.237668 0.416316
v -0.417830 -0.220000 0.433572
v -0.360000 -0.250059 0.445813
v -0.388915 -0.237871 0.444616
v -0.388588 -0.267728 0.434894
v -0.464616 -0.248915 0.357871
v -0.454894 -0.248588 0.387728
v -0.454894 -0.248588 0.292272
v -0.464616 -0.248915 0.322129
v -0.436316 -0.297225 0.357668
v -0.453572 -0.277830 0.340000
v -0.436316 -0.297225 0.322332
v -0.417830 -0.220000 0.246428
v -0.437225 -0.237668 0.263684
v -0.360000 -0.189941 0.234187
v -0.388915 -0.202129 0.235384
v -0.388588 -0.267728 0.245106
v -0.388915 -0.237871 0.235384
v -0.360000 -0.250059 0.234187
v -0.313214 -0.155344 0.264299
v -0.331412 -0.172272 0.245106
v -0.283684 -0.142775 0.322332
v -0.295344 -0.144299 0.293214
v -0.282775 -0.202332 0.263684
v -0.284299 -0.173214 0.275344
v -0.265106 -0.191412 0.292272
v -0.283684 -0.297225 0.357668
v -0.295344 -0.295701 0.386786
v -0.312272 -0.314894 0.368588
v -0.282775 -0.237668 0.416316
v -0.284299 -0.266786 0.404656
v -0.265106 -0.248588 0.387728
v -0.342332 -0.296316 0.417225
v -0.313214 -0.284656 0.415701
v -0.331412 -0.267728 0.434894
v -0.342129 -0.324616 0.368915
v -0.329941 -0.325813 0.340000
v -0.377668 -0.296316 0.417225
v -0.360000 -0.313572 0.397830
v -0.390059 -0.325813 0.340000
v -0.377871 -0.324616 0.368915
v -0.407728 -0.314894 0.368588
v -0.342129 -0.324616 0.311085
v -0.312272 -0.314894 0.311412
v -0.407728 -0.314894 0.311412
v -0.377871 -0.324616 0.311085
v -0.342332 -0.296316 0.262775
v -0.360000 -0.313572 0.282170
v -0.377668 -0.296316 0.262775
v -0.295344 -0.295701 0.293214
v -0.283684 -0.297225 0.322332
v -0.331412 -0.267728 0.245106
v -0.313214 -0.284656 0.264299
v -0.265106 -0.248588 0.292272
v -0.284299 -0.266786 0.275344
v -0.282775 -0.237668 0.263684
v -0.266428 -0.277830 0.340000
v -0.254187 -0.220000 0.309941
v -0.255384 -0.248915 0.322129
v -0.255384 -0.248915 0.357871
v -0.254187 -0.220000 0.370059
v -0.331085 -0.237871 0.444616
v -0.302170 -0.220000 0.433572
v -0.331085 -0.202129 0.444616
v -0.424656 -0.295701 0.386786
v -0.406786 -0.284656 0.415701
v -0.435701 -0.266786 0.404656
v -0.406786 -0.284656 0.264299
v -0.424656 -0.295701 0.293214
v -0.435701 -0.266786 0.275344
v -0.302170 -0.220000 0.246428
v -0.331085 -0.237871 0.235384
v -0.331085 -0.202129 0.235384
v -0.255384 -0.191085 0.357871
v -0.255384 -0.191085 0.322129
v -0.266428 -0.162170 0.340000
f 1453 1495 1497
f 1465 1496 1495
f 1467 1497 1496
f 1495 1496 1497
f 1464 1498 1500
f 1466 1499 1498
f 1465 1500 1499
f 1498 1499 1500
f 1458 1501 1503
f 1467 1502 1501
f 1466 1503 1502
f 1501 1502 1503
f 1465 1499 1496
f 1466 1502 1499
f 1467 1496 1502
f 1499 1502 1496
f 1453 1497 1505
f 1467 1504 1497
f 1469 1505 1504
f 1497 1504 1505
f 1458 1506 1501
f 1468 1507 1506
f 1467 1501 1507
f 1506 1507 1501
f 1454 1508 1510
f 1469 1509 1508
f 1468 1510 1509
f 1508 1509 1510
f 1467 1507 1504
f 1468 1509 1507
f 1469 1504 1509
f 1507 1509 1504
f 1453 1505 1512
f 1469 1511 1505
f 1471 1512 1511
f 1505 1511 1512
f 1454 1513 1508
f 1470 1514 1513
f 1469 1508 1514
f 1513 1514 1508
f 1460 1515 1517
f 1471 1516 1515
f 1470 1517 1516
f 1515 1516 1517
f 1469 1514 1511
f 1470 1516 1514
f 1471 1511 1516
f 1514 1516 1511
f 1453 1512 1519
f 1471 1518 1512
f 1473 1519 1518
f 1512 1518 1519
f 1460 1520 1515
f 1472 1521 1520
f 1471 1515 1521
f 1520 1521 1515
f 1463 1522 1524
f 1473 1523 1522
f 1472 1524 1523
f 1522 1523 1524
f 1471 1521 1518
f 1472 1523 1521
f 1473 1518 1523
f 1521 1523 1518
f 1453 1519 1495
f 1473 1525 1519
f 1465 1495 1525
f 1519 1525 1495
f 1463 1526 1522
f 1474 1527 1526
f 1473 1522 1527
f 1526 1527 1522
f 1464 1500 1529
f 1465 1528 1500
f 1474 1529 1528
f 1500 1528 1529
f 1473 1527 1525
f 1474 1528 1527
f 1465 1525 1528
f 1527 1528 1525
f 1454 1510 1531
f 1468 1530 1510
f 1476 1531 1530
f 1510 1530 1531
f 1458 1532 1506
f 1475 1533 1532
f 1468 1506 1533
f 1532 1533 1506
f 1462 1534 1536
f 1476 1535 1534
f 1475 1536 1535
f 1534 1535 1536
f 1468 1533 1530
f 1475 1535 1533
f 1476 1530 1535
f 1533 1535 1530
f 1458 1503 1538
f 1466 1537 1503
f 1478 1538 1537
f 1503 1537 1538
f 1464 1539 1498
f 1477 1540 1539
f 1466 1498 1540
f 1539 1540 1498
f 1457 1541 1543
f 1478 1542 1541
f 1477 1543 1542
f 1541 1542 1543
f 1466 1540 1537
f 1477 1542 1540
f 1478 1537 1542
f 1540 1542 1537
f 1464 1529 1545
f 1474 1544 1529
f 1480 1545 1544
f 1529 1544 1545
f 1463 1546 1526
f 1479 1547 1546
f 1474 1526 1547
f 1546 1547 1526
f 1455 1548 1550
f 1480 1549 1548
f 1479 1550 1549
f 1548 1549 1550
f 1474 1547 1544
f 1479 1549 1547
f 1480 1544 1549
f 1547 1549 1544
f 1463 1524 1552
f 1472 1551 1524
f 1482 1552 1551
f 1524 1551 1552
f 1460 1553 1520
f 1481 1554 1553
f 1472 1520 1554
f 1553 1554 1520
f 1459 1555 1557
f 1482 1556 1555
f 1481 1557 1556
f 1555 1556 1557
f 1472 1554 1551
f 1481 1556 1554
f 1482 1551 1556
f 1554 1556 1551
f 1460 1517 1559
f 1470 1558 1517
f 1484 1559 1558
f 1517 1558 1559
f 1454 1560 1513
f 1483 1561 1560
f 1470 1513 1561
f 1560 1561 1513
f 1461 1562 1564
f 1484 1563 1562
f 1483 1564 1563
f 1562 1563 1564
f 1470 1561 1558
f 1483 1563 1561
f 1484 1558 1563
f 1561 1563 1558
f 1456 1565 1567
f 1485 1566 1565
f 1487 1567 1566
f 1565 1566 1567
f 1462 1568 1570
f 1486 1569 1568
f 1485 1570 1569
f 1568 1569 1570
f 1457 1571 1573
f 1487 1572 1571
f 1486 1573 1572
f 1571 1572 1573
f 1485 1569 1566
f 1486 1572 1569
f 1487 1566 1572
f 1569 1572 1566
f 1456 1567 1575
f 1487 1574 1567
f 1489 1575 1574
f 1567 1574 1575
f 1457 1576 1571
f 1488 1577 1576
f 1487 1571 1577
f 1576 1577 1571
f 1455 1578 1580
f 1489 1579 1578
f 1488 1580 1579
f 1578 1579 1580
f 1487 1577 1574
f 1488 1579 1577
f 1489 1574 1579
f 1577 1579 1574
f 1456 1575 1582
f 1489 1581 1575
f 1491 1582 1581
f 1575 1581 1582
f 1455 1583 1578
f 1490 1584 1583
f 1489 1578 1584
f 1583 1584 1578
f 1459 1585 1587
f 1491 1586 1585
f 1490 1587 1586
f 1585 1586 1587
f 1489 1584 1581
f 1490 1586 1584
f 1491 1581 1586
f 1584 1586 1581
f 1456 1582 1589
f 1491 1588 1582
f 1493 1589 1588
f 1582 1588 1589
f 1459 1590 1585
f 1492 1591 1590
f 1491 1585 1591
f 1590 1591 1585
f 1461 1592 1594
f 1493 1593 1592
f 1492 1594 1593
f 1592 1593 1594
f 1491 1591 1588
f 1492 1593 1591
f 1493 1588 1593
f 1591 1593 1588
f 1456 1589 1565
f 1493 1595 1589
f 1485 1565 1595
f 1589 1595 1565
f 1461 1596 1592
f 1494 1597 1596
f 1493 1592 1597
f 1596 1597 1592
f 1462 1570 1599
f 1485 1598 1570
f 1494 1599 1598
f 1570 1598 1599
f 1493 1597 1595
f 1494 1598 1597
f 1485 1595 1598
f 1597 1598 1595
f 1457 1573 1541
f 1486 1600 1573
f 1478 1541 1600
f 1573 1600 1541
f 1462 1536 1568
f 1475 1601 1536
f 1486 1568 1601
f 1536 1601 1568
f 1458 1538 1532
f 1478 1602 1538
f 1475 1532 1602
f 1538 1602 1532
f 1486 1601 1600
f 1475 1602 1601
f 1478 1600 1602
f 1601 1602 1600
f 1455 1580 1548
f 1488 1603 1580
f 1480 1548 1603
f 1580 1603 1548
f 1457 1543 1576
f 1477 1604 1543
f 1488 1576 1604
f 1543 1604 1576
f 1464 1545 1539
f 1480 1605 1545
f 1477 1539 1605
f 1545 1605 1539
f 1488 1604 1603
f 1477 1605 1604
f 1480 1603 1605
f 1604 1605 1603
f 1459 1587 1555
f 1490 1606 1587
f 1482 1555 1606
f 1587 1606 1555
f 1455 1550 1583
f 1479 1607 1550
f 1490 1583 1607
f 1550 1607 1583
f 1463 1552 1546
f 1482 1608 1552
f 1479 1546 1608
f 1552 1608 1546
f 1490 1607 1606
f 1479 1608 1607
f 1482 1606 1608
f 1607 1608 1606
f 1461 1594 1562
f 1492 1609 1594
f 1484 1562 1609
f 1594 1609 1562
f 1459 1557 1590
f 1481 1610 1557
f 1492 1590 1610
f 1557 1610 1590
f 1460 1559 1553
f 1484 1611 1559
f 1481 1553 1611
f 1559 1611 1553
f 1492 1610 1609
f 1481 1611 1610
f 1484 1609 1611
f 1610 1611 1609
f 1462 1599 1534
f 1494 1612 1599
f 1476 1534 1612
f 1599 1612 1534
f 1461 1564 1596
f 1483 1613 1564
f 1494 1596 1613
f 1564 1613 1596
f 1454 1531 1560
f 1476 1614 1531
f 1483 1560 1614
f 1531 1614 1560
f 1494 1613 1612
f 1483 1614 1613
f 1476 1612 1614
f 1613 1614 1612
o AntennalLobe_R
s 1
v 0.302170 -0.126428 0.340000
v 0.417830 -0.126428 0.340000
v 0.302170 -0.313572 0.340000
v 0.417830 -0.313572 0.340000
v 0.360000 -0.277830 0.433572
v 0.360000 -0.162170 0.433572
v 0.360000 -0.277830 0.246428
v 0.360000 -0.162170 0.246428
v 0.453572 -0.220000 0.282170
v 0.453572 -0.220000 0.397830
v 0.266428 -0.220000 0.282170
v 0.266428 -0.220000 0.397830
v 0.271008 -0.165000 0.373992
v 0.305000 -0.186008 0.428992
v 0.326008 -0.131008 0.395000
v 0.393992 -0.131008 0.395000
v 0.360000 -0.110000 0.340000
v 0.393992 -0.131008 0.285000
v 0.326008 -0.131008 0.285000
v 0.305000 -0.186008 0.251008
v 0.271008 -0.165000 0.306008
v 0.250000 -0.220000 0.340000
v 0.415000 -0.186008 0.428992
v 0.448992 -0.165000 0.373992
v 0.305000 -0.253992 0.428992
v 0.360000 -0.220000 0.450000
v 0.271008 -0.275000 0.306008
v 0.271008 -0.275000 0.373992
v 0.360000 -0.220000 0.230000
v 0.305000 -0.253992 0.251008
v 0.448992 -0.165000 0.306008
v 0.415000 -0.186008 0.251008
v 0.448992 -0.275000 0.373992
v 0.415000 -0.253992 0.428992
v 0.393992 -0.308992 0.395000
v 0.326008 -0.308992 0.395000
v 0.360000 -0.330000 0.340000
v 0.326008 -0.308992 0.285000
v 0.393992 -0.308992 0.285000
v 0.415000 -0.253992 0.251008
v 0.448992 -0.275000 0.306008
v 0.470000 -0.220000 0.340000
v 0.283684 -0.142775 0.357668
v 0.295344 -0.144299 0.386786
v 0.312272 -0.125106 0.368588
v 0.282775 -0.202332 0.416316
v 0.284299 -0.173214 0.404656
v 0.265106 -0.191412 0.387728
v 0.342332 -0.143684 0.417225
v 0.313214 -0.155344 0.415701
v 0.331412 -0.172272 0.434894
v 0.342129 -0.115384 0.368915
v 0.329941 -0.114187 0.340000
v 0.377668 -0.143684 0.417225
v 0.360000 -0.126428 0.397830
v 0.390059 -0.114187 0.340000
v 0.377871 -0.115384 0.368915
v 0.407728 -0.125106 0.368588
v 0.342129 -0.115384 0.311085
v 0.312272 -0.125106 0.311412
v 0.407728 -0.125106 0.311412
v 0.377871 -0.115384 0.311085
v 0.342332 -0.143684 0.262775
v 0.360000 -0.126428 0.282170
v 0.377668 -0.143684 0.262775
v 0.295344 -0.144299 0.293214
v 0.283684 -0.142775 0.322332
v 0.331412 -0.172272 0.245106
v 0.313214 -0.155344 0.264299
v 0.265106 -0.191412 0.292272
v 0.284299 -0.173214 0.275344
v 0.282775 -0.202332 0.263684
v 0.266428 -0.162170 0.340000
v 0.254187 -0.220000 0.309941
v 0.255384 -0.191085 0.322129
v 0.255384 -0.191085 0.357871
v 0.254187 -0.220000 0.370059
v 0.424656 -0.144299 0.386786
v 0.436316 -0.142775 0.357668
v 0.388588 -0.172272 0.434894
v 0.406786 -0.155344 0.415701
v 0.454894 -0.191412 0.387728
v 0.435701 -0.173214 0.404656
v 0.437225 -0.202332 0.416316
v 0.331085 -0.202129 0.444616
v 0.360000 -0.189941 0.445813
v 0.282775 -0.237668 0.416316
v 0.302170 -0.220000 0.433572
v 0.360000 -0.250059 0.445813
v 0.331085 -0.237871 0.444616
v 0.331412 -0.267728 0.434894
v 0.255384 -0.248915 0.357871
v 0.265106 -0.248588 0.387728
v 0.265106 -0.248588 0.292272
v 0.255384 -0.248915 0.322129
v 0.283684 -0.297225 0.357668
v 0.266428 -0.277830 0.340000
v 0.283684 -0.297225 0.322332
v 0.302170 -0.220000 0.246428
v 0.282775 -0.237668 0.263684
v 0.360000 -0.189941 0.234187
v 0.331085 -0.202129 0.235384
v 0.331412 -0.267728 0.245106
v 0.331085 -0.237871 0.235384
v 0.360000 -0.250059 0.234187
v 0.406786 -0.155344 0.264299
v 0.388588 -0.172272 0.245106
v 0.436316 -0.142775 0.322332
v 0.424656 -0.144299 0.293214
v 0.437225 -0.202332 0.263684
v 0.435701 -0.173214 0.275344
v 0.454894 -0.191412 0.292272
v 0.436316 -0.297225 0.357668
v 0.424656 -0.295701 0.386786
v 0.407728 -0.314894 0.368588
v 0.437225 -0.237668 0.416316
v 0.435701 -0.266786 0.404656
v 0.454894 -0.248588 0.387728
v 0.377668 -0.296316 0.417225
v 0.406786 -0.284656 0.415701
v 0.388588 -0.267728 0.434894
v 0.377871 -0.324616 0.368915
v 0.390059 -0.325813 0.340000
v 0.342332 -0.296316 0.417225
v 0.360000 -0.313572 0.397830
v 0.329941 -0.325813 0.340000
v 0.342129 -0.324616 0.368915
v 0.312272 -0.314894 0.368588
v 0.377871 -0.324616 0.311085
v 0.407728 -0.314894 0.311412
v 0.312272 -0.314894 0.311412
v 0.342129 -0.324616 0.311085
v 0.377668 -0.296316 0.262775
v 0.360000 -0.313572 0.282170
v 0.342332 -0.296316 0.262775
v 0.424656 -0.295701 0.293214
v 0.436316 -0.297225 0.322332
v 0.388588 -0.267728 0.245106
v 0.406786 -0.284656 0.264299
v 0.454894 -0.248588 0.292272
v 0.435701 -0.266786 0.275344
v 0.437225 -0.237668 0.263684
v 0.453572 -0.277830 0.340000
v 0.465813 -0.220000 0.309941
v 0.464616 -0.248915 0.322129
v 0.464616 -0.248915 0.357871
v 0.465813 -0.220000 0.370059
v 0.388915 -0.237871 0.444616
v 0.417830 -0.220000 0.433572
v 0.388915 -0.202129 0.444616
v 0.295344 -0.295701 0.386786
v 0.313214 -0.284656 0.415701
v 0.284299 -0.266786 0.404656
v 0.313214 -0.284656 0.264299
v 0.295344 -0.295701 0.293214
v 0.284299 -0.266786 0.275344
v 0.417830 -0.220000 0.246428
v 0.388915 -0.237871 0.235384
v 0.388915 -0.202129 0.235384
v 0.464616 -0.191085 0.357871
v 0.464616 -0.191085 0.322129
v 0.453572 -0.162170 0.340000
f 1615 1657 1659
f 1627 1658 1657
f 1629 1659 1658
f 1657 1658 1659
f 1626 1660 1662
f 1628 1661 1660
f 1627 1662 1661
f 1660 1661 1662
f 1620 1663 1665
f 1629 1664 1663
f 1628 1665 1664
f 1663 1664 1665
f 1627 1661 1658
f 1628 1664 1661
f 1629 1658 1664
f 1661 1664 1658
f 1615 1659 1667
f 1629 1666 1659
f 1631 1667 1666
f 1659 1666 1667
f 1620 1668 1663
f 1630 1669 1668
f 1629 1663 1669
f 1668 1669 1663
f 1616 1670 1672
f 1631 1671 1670
f 1630 1672 1671
f 1670 1671 1672
f 1629 1669 1666
f 1630 1671 1669
f 1631 1666 1671
f 1669 1671 1666
f 1615 1667 1674
f 1631 1673 1667
f 1633 1674 1673
f 1667 1673 1674
f 1616 1675 1670
f 1632 1676 1675
f 1631 1670 1676
f 1675 1676 1670
f 1622 1677 1679
f 1633 1678 1677
f 1632 1679 1678
f 1677 1678 1679
f 1631 1676 1673
f 1632 1678 1676
f 1633 1673 1678
f 1676 1678 1673
f 1615 1674 1681
f 1633 1680 1674
f 1635 1681 1680
f 1674 1680 1681
f 1622 1682 1677
f 1634 1683 1682
f 1633 1677 1683
f 1682 1683 1677
f 1625 1684 1686
f 1635 1685 1684
f 1634 1686 1685
f 1684 1685 1686
f 1633 1683 1680
f 1634 1685 1683
f 1635 1680 1685
f 1683 1685 1680
f 1615 1681 1657
f 1635 1687 1681
f 1627 1657 1687
f 1681 1687 1657
f 1625 1688 1684
f 1636 1689 1688
f 1635 1684 1689
f 1688 1689 1684
f 1626 1662 1691
f 1627 1690 1662
f 1636 1691 1690
f 1662 1690 1691
f 1635 1689 1687
f 1636 1690 1689
f 1627 1687 1690
f 1689 1690 1687
f 1616 1672 1693
f 1630 1692 1672
f 1638 1693 1692
f 1672 1692 1693
f 1620 1694 1668
f 1637 1695 1694
f 1630 1668 1695
f 1694 1695 1668
f 1624 1696 1698
f 1638 1697 1696
f 1637 1698 1697
f 1696 1697 1698
f 1630 1695 1692
f 1637 1697 1695
f 1638 1692 1697
f 1695 1697 1692
f 1620 1665 1700
f 1628 1699 1665
f 1640 1700 1699
f 1665 1699 1700
f 1626 1701 1660
f 1639 1702 1701
f 1628 1660 1702
f 1701 1702 1660
f 1619 1703 1705
f 1640 1704 1703
f 1639 1705 1704
f 1703 1704 1705
f 1628 1702 1699
f 1639 1704 1702
f 1640 1699 1704
f 1702 1704 1699
f 1626 1691 1707
f 1636 1706 1691
f 1642 1707 1706
f 1691 1706 1707
f 1625 1708 1688
f 1641 1709 1708
f 1636 1688 1709
f 1708 1709 1688
f 1617 1710 1712
f 1642 1711 1710
f 1641 1712 1711
f 1710 1711 1712
f 1636 1709 1706
f 1641 1711 1709
f 1642 1706 1711
f 1709 1711 1706
f 1625 1686 1714
f 1634 1713 1686
f 1644 1714 1713
f 1686 1713 1714
f 1622 1715 1682
f 1643 1716 1715
f 1634 1682 1716
f 1715 1716 1682
f 1621 1717 1719
f 1644 1718 1717
f 1643 1719 1718
f 1717 1718 1719
f 1634 1716 1713
f 1643 1718 1716
f 1644 1713 1718
f 1716 1718 1713
f 1622 1679 1721
f 1632 1720 1679
f 1646 1721 1720
f 1679 1720 1721
f 1616 1722 1675
f 1645 1723 1722
f 1632 1675 1723
f 1722 1723 1675
f 1623 1724 1726
f 1646 1725 1724
f 1645 1726 1725
f 1724 1725 1726
f 1632 1723 1720
f 1645 1725 1723
f 1646 1720 1725
f 1723 1725 1720
f 1618 1727 1729
f 1647 1728 1727
f 1649 1729 1728
f 1727 1728 1729
f 1624 1730 1732
f 1648 1731 1730
f 1647 1732 1731
f 1730 1731 1732
f 1619 1733 1735
f 1649 1734 1733
f 1648 1735 1734
f 1733 1734 1735
f 1647 1731 1728
f 1648 1734 1731
f 1649 1728 1734
f 1731 1734 1728
f 1618 1729 1737
f 1649 1736 1729
f 1651 1737 1736
f 1729 1736 1737
f 1619 1738 1733
f 1650 1739 1738
f 1649 1733 1739
f 1738 1739 1733
f 1617 1740 1742
f 1651 1741 1740
f 1650 1742 1741
f 1740 1741 1742
f 1649 1739 1736
f 1650 1741 1739
f 1651 1736 1741
f 1739 1741 1736
f 1618 1737 1744
f 1651 1743 1737
f 1653 1744 1743
f 1737 1743 1744
f 1617 1745 1740
f 1652 1746 1745
f 1651 1740 1746
f 1745 1746 1740
f 1621 1747 1749
f 1653 1748 1747
f 1652 1749 1748
f 1747 1748 1749
f 1651 1746 1743
f 1652 1748 1746
f 1653 1743 1748
f 1746 1748 1743
f 1618 1744 1751
f 1653 1750 1744
f 1655 1751 1750
f 1744 1750 1751
f 1621 1752 1747
f 1654 1753 1752
f 1653 1747 1753
f 1752 1753 1747
f 1623 1754 1756
f 1655 1755 1754
f 1654 1756 1755
f 1754 1755 1756
f 1653 1753 1750
f 1654 1755 1753
f 1655 1750 1755
f 1753 1755 1750
f 1618 1751 1727
f 1655 1757 1751
f 1647 1727 1757
f 1751 1757 1727
f 1623 1758 1754
f 1656 1759 1758
f 1655 1754 1759
f 1758 1759 1754
f 1624 1732 1761
f 1647 1760 1732
f 1656 1761 1760
f 1732 1760 1761
f 1655 1759 1757
f 1656 1760 1759
f 1647 1757 1760
f 1759 1760 1757
f 1619 1735 1703
f 1648 1762 1735
f 1640 1703 1762
f 1735 1762 1703
f 1624 1698 1730
f 1637 1763 1698
f 1648 1730 1763
f 1698 1763 1730
f 1620 1700 1694
f 1640 1764 1700
f 1637 1694 1764
f 1700 1764 1694
f 1648 1763 1762
f 1637 1764 1763
f 1640 1762 1764
f 1763 1764 1762
f 1617 1742 1710
f 1650 1765 1742
f 1642 1710 1765
f 1742 1765 1710
f 1619 1705 1738
f 1639 1766 1705
f 1650 1738 1766
f 1705 1766 1738
f 1626 1707 1701
f 1642 1767 1707
f 1639 1701 1767
f 1707 1767 1701
f 1650 1766 1765
f 1639 1767 1766
f 1642 1765 1767
f 1766 1767 1765
f 1621 1749 1717
f 1652 1768 1749
f 1644 1717 1768
f 1749 1768 1717
f 1617 1712 1745
f 1641 1769 1712
f 1652 1745 1769
f 1712 1769 1745
f 1625 1714 1708
f 1644 1770 1714
f 1641 1708 1770
f 1714 1770 1708
f 1652 1769 1768
f 1641 1770 1769
f 1644 1768 1770
f 1769 1770 1768
f 1623 1756 1724
f 1654 1771 1756
f 1646 1724 1771
f 1756 1771 1724
f 1621 1719 1752
f 1643 1772 1719
f 1654 1752 1772
f 1719 1772 1752
f 1622 1721 1715
f 1646 1773 1721
f 1643 1715 1773
f 1721 1773 1715
f 1654 1772 1771
f 1643 1773 1772
f 1646 1771 1773
f 1772 1773 1771
f 1624 1761 1696
f 1656 1774 1761
f 1638 1696 1774
f 1761 1774 1696
f 1623 1726 1758
f 1645 1775 1726
f 1656 1758 1775
f 1726 1775 1758
f 1616 1693 1722
f 1638 1776 1693
f 1645 1722 1776
f 1693 1776 1722
f 1656 1775 1774
f 1645 1776 1775
f 1638 1774 1776
f 1775 1776 1774
o VentralNerveCord
s 1
v -0.070974 -0.416022 0.060000
v 0.070974 -0.416022 0.060000
v -0.070974 -0.683978 0.060000
v 0.070974 -0.683978 0.060000
v 0.000000 -0.632803 0.162078
v 0.000000 -0.467197 0.162078
v 0.000000 -0.632803 -0.042078
v 0.000000 -0.467197 -0.042078
v 0.114838 -0.550000 -0.003088
v 0.114838 -0.550000 0.123088
v -0.114838 -0.550000 -0.003088
v -0.114838 -0.550000 0.123088
v -0.109217 -0.471250 0.097082
v -0.067500 -0.501330 0.157082
v -0.041717 -0.422580 0.120000
v 0.041717 -0.422580 0.120000
v 0.000000 -0.392500 0.060000
v 0.041717 -0.422580 0.000000
v -0.041717 -0.422580 0.000000
v -0.067500 -0.501330 -0.037082
v -0.109217 -0.471250 0.022918
v -0.135000 -0.550000 0.060000
v 0.067500 -0.501330 0.157082
v 0.109217 -0.471250 0.097082
v -0.067500 -0.598670 0.157082
v 0.000000 -0.550000 0.180000
v -0.109217 -0.628750 0.022918
v -0.109217 -0.628750 0.097082
v 0.000000 -0.550000 -0.060000
v -0.067500 -0.598670 -0.037082
v 0.109217 -0.471250 0.022918
v 0.067500 -0.501330 -0.037082
v 0.109217 -0.628750 0.097082
v 0.067500 -0.598670 0.157082
v 0.041717 -0.677420 0.120000
v -0.041717 -0.677420 0.120000
v 0.000000 -0.707500 0.060000
v -0.041717 -0.677420 0.000000
v 0.041717 -0.677420 0.000000
v 0.067500 -0.598670 -0.037082
v 0.109217 -0.628750 0.022918
v 0.135000 -0.550000 0.060000
v -0.093660 -0.439428 0.079275
v -0.079351 -0.441610 0.111039
v -0.058575 -0.414130 0.091187
v -0.094776 -0.524702 0.143254
v -0.092906 -0.483011 0.130534
v -0.116460 -0.509067 0.112067
v -0.021684 -0.440730 0.144246
v -0.057419 -0.457424 0.142583
v -0.035085 -0.481663 0.163520
v -0.021932 -0.400209 0.091544
v -0.036891 -0.398495 0.060000
v 0.021684 -0.440730 0.144246
v 0.000000 -0.416022 0.123088
v 0.036891 -0.398495 0.060000
v 0.021932 -0.400209 0.091544
v 0.058575 -0.414130 0.091187
v -0.021932 -0.400209 0.028456
v -0.058575 -0.414130 0.028813
v 0.058575 -0.414130 0.028813
v 0.021932 -0.400209 0.028456
v -0.021684 -0.440730 -0.024246
v 0.000000 -0.416022 -0.003088
v 0.021684 -0.440730 -0.024246
v -0.079351 -0.441610 0.008961
v -0.093660 -0.439428 0.040725
v -0.035085 -0.481663 -0.043520
v -0.057419 -0.457424 -0.022583
v -0.116460 -0.509067 0.007933
v -0.092906 -0.483011 -0.010534
v -0.094776 -0.524702 -0.023254
v -0.114838 -0.467197 0.060000
v -0.129862 -0.550000 0.027208
v -0.128393 -0.508599 0.040505
v -0.128393 -0.508599 0.079495
v -0.129862 -0.550000 0.092792
v 0.079351 -0.441610 0.111039
v 0.093660 -0.439428 0.079275
v 0.035085 -0.481663 0.163520
v 0.057419 -0.457424 0.142583
v 0.116460 -0.509067 0.112067
v 0.092906 -0.483011 0.130534
v 0.094776 -0.524702 0.143254
v -0.035487 -0.524413 0.174127
v 0.000000 -0.506961 0.175433
v -0.094776 -0.575298 0.143254
v -0.070974 -0.550000 0.162078
v 0.000000 -0.593039 0.175433
v -0.035487 -0.575587 0.174127
v -0.035085 -0.618337 0.163520
v -0.128393 -0.591401 0.079495
v -0.116460 -0.590933 0.112067
v -0.116460 -0.590933 0.007933
v -0.128393 -0.591401 0.040505
v -0.093660 -0.660572 0.079275
v -0.114838 -0.632803 0.060000
v -0.093660 -0.660572 0.040725
v -0.070974 -0.550000 -0.042078
v -0.094776 -0.575298 -0.023254
v 0.000000 -0.506961 -0.055433
v -0.035487 -0.524413 -0.054127
v -0.035085 -0.618337 -0.043520
v -0.035487 -0.575587 -0.054127
v 0.000000 -0.593039 -0.055433
v 0.057419 -0.457424 -0.022583
v 0.035085 -0.481663 -0.043520
v 0.093660 -0.439428 0.040725
v 0.079351 -0.441610 0.008961
v 0.094776 -0.524702 -0.023254
v 0.092906 -0.483011 -0.010534
v 0.116460 -0.509067 0.007933
v 0.093660 -0.660572 0.079275
v 0.079351 -0.658390 0.111039
v 0.058575 -0.685870 0.091187
v 0.094776 -0.575298 0.143254
v 0.092906 -0.616989 0.130534
v 0.116460 -0.590933 0.112067
v 0.021684 -0.659270 0.144246
v 0.057419 -0.642576 0.142583
v 0.035085 -0.618337 0.163520
v 0.021932 -0.699791 0.091544
v 0.036891 -0.701505 0.060000
v -0.021684 -0.659270 0.144246
v 0.000000 -0.683978 0.123088
v -0.036891 -0.701505 0.060000
v -0.021932 -0.699791 0.091544
v -0.058575 -0.685870 0.091187
v 0.021932 -0.699791 0.028456
v 0.058575 -0.685870 0.028813
v -0.058575 -0.685870 0.028813
v -0.021932 -0.699791 0.028456
v 0.021684 -0.659270 -0.024246
v 0.000000 -0.683978 -0.003088
v -0.021684 -0.659270 -0.024246
v 0.079351 -0.658390 0.008961
v 0.093660 -0.660572 0.040725
v 0.035085 -0.618337 -0.043520
v 0.057419 -0.642576 -0.022583
v 0.116460 -0.590933 0.007933
v 0.092906 -0.616989 -0.010534
v 0.094776 -0.575298 -0.023254
v 0.114838 -0.632803 0.060000
v 0.129862 -0.550000 0.027208
v 0.128393 -0.591401 0.040505
v 0.128393 -0.591401 0.079495
v 0.129862 -0.550000 0.092792
v 0.035487 -0.575587 0.174127
v 0.070974 -0.550000 0.162078
v 0.035487 -0.524413 0.174127
v -0.079351 -0.658390 0.111039
v -0.057419 -0.642576 0.142583
v -0.092906 -0.616989 0.130534
v -0.057419 -0.642576 -0.022583
v -0.079351 -0.658390 0.008961
v -0.092906 -0.616989 -0.010534
v 0.070974 -0.550000 -0.042078
v 0.035487 -0.575587 -0.054127
v 0.035487 -0.524413 -0.054127
v 0.128393 -0.508599 0.079495
v 0.128393 -0.508599 0.040505
v 0.114838 -0.467197 0.060000
f 1777 1819 1821
f 1789 1820 1819
f 1791 1821 1820
f 1819 1820 1821
f 1788 1822 1824
f 1790 1823 1822
f 1789 1824 1823
f 1822 1823 1824
f 1782 1825 1827
f 1791 1826 1825
f 1790 1827 1826
f 1825 1826 1827
f 1789 1823 1820
f 1790 1826 1823
f 1791 1820 1826
f 1823 1826 1820
f 1777 1821 1829
f 1791 1828 1821
f 1793 1829 1828
f 1821 1828 1829
f 1782 1830 1825
f 1792 1831 1830
f 1791 1825 1831
f 1830 1831 1825
f 1778 1832 1834
f 1793 1833 1832
f 1792 1834 1833
f 1832 1833 1834
f 1791 1831 1828
f 1792 1833 1831
f 1793 1828 1833
f 1831 1833 1828
f 1777 1829 1836
f 1793 1835 1829
f 1795 1836 1835
f 1829 1835 1836
f 1778 1837 1832
f 1794 1838 1837
f 1793 1832 1838
f 1837 1838 1832
f 1784 1839 1841
f 1795 1840 1839
f 1794 1841 1840
f 1839 1840 1841
f 1793 1838 1835
f 1794 1840 1838
f 1795 1835 1840
f 1838 1840 1835
f 1777 1836 1843
f 1795 1842 1836
f 1797 1843 1842
f 1836 1842 1843
f 1784 1844 1839
f 1796 1845 1844
f 1795 1839 1845
f 1844 1845 1839
f 1787 1846 1848
f 1797 1847 1846
f 1796 1848 1847
f 1846 1847 1848
f 1795 1845 1842
f 1796 1847 1845
f 1797 1842 1847
f 1845 1847 1842
f 1777 1843 1819
f 1797 1849 1843
f 1789 1819 1849
f 1843 1849 1819
f 1787 1850 1846
f 1798 1851 1850
f 1797 1846 1851
f 1850 1851 1846
f 1788 1824 1853
f 1789 1852 1824
f 1798 1853 1852
f 1824 1852 1853
f 1797 1851 1849
f 1798 1852 1851
f 1789 1849 1852
f 1851 1852 1849
f 1778 1834 1855
f 1792 1854 1834
f 1800 1855 1854
f 1834 1854 1855
f 1782 1856 1830
f 1799 1857 1856
f 1792 1830 1857
f 1856 1857 1830
f 1786 1858 1860
f 1800 1859 1858
f 1799 1860 1859
f 1858 1859 1860
f 1792 1857 1854
f 1799 1859 1857
f 1800 1854 1859
f 1857 1859 1854
f 1782 1827 1862
f 1790 1861 1827
f 1802 1862 1861
f 1827 1861 1862
f 1788 1863 1822
f 1801 1864 1863
f 1790 1822 1864
f 1863 1864 1822
f 1781 1865 1867
f 1802 1866 1865
f 1801 1867 1866
f 1865 1866 1867
f 1790 1864 1861
f 1801 1866 1864
f 1802 1861 1866
f 1864 1866 1861
f 1788 1853 1869
f 1798 1868 1853
f 1804 1869 1868
f 1853 1868 1869
f 1787 1870 1850
f 1803 1871 1870
f 1798 1850 1871
f 1870 1871 1850
f 1779 1872 1874
f 1804 1873 1872
f 1803 1874 1873
f 1872 1873 1874
f 1798 1871 1868
f 1803 1873 1871
f 1804 1868 1873
f 1871 1873 1868
f 1787 1848 1876
f 1796 1875 1848
f 1806 1876 1875
f 1848 1875 1876
f 1784 1877 1844
f 1805 1878 1877
f 1796 1844 1878
f 1877 1878 1844
f 1783 1879 1881
f 1806 1880 1879
f 1805 1881 1880
f 1879 1880 1881
f 1796 1878 1875
f 1805 1880 1878
f 1806 1875 1880
f 1878 1880 1875
f 1784 1841 1883
f 1794 1882 1841
f 1808 1883 1882
f 1841 1882 1883
f 1778 1884 1837
f 1807 1885 1884
f 1794 1837 1885
f 1884 1885 1837
f 1785 1886 1888
f 1808 1887 1886
f 1807 1888 1887
f 1886 1887 1888
f 1794 1885 1882
f 1807 1887 1885
f 1808 1882 1887
f 1885 1887 1882
f 1780 1889 1891
f 1809 1890 1889
f 1811 1891 1890
f 1889 1890 1891
f 1786 1892 1894
f 1810 1893 1892
f 1809 1894 1893
f 1892 1893 1894
f 1781 1895 1897
f 1811 1896 1895
f 1810 1897 1896
f 1895 1896 1897
f 1809 1893 1890
f 1810 1896 1893
f 1811 1890 1896
f 1893 1896 1890
f 1780 1891 1899
f 1811 1898 1891
f 1813 1899 1898
f 1891 1898 1899
f 1781 1900 1895
f 1812 1901 1900
f 1811 1895 1901
f 1900 1901 1895
f 1779 1902 1904
f 1813 1903 1902
f 1812 1904 1903
f 1902 1903 1904
f 1811 1901 1898
f 1812 1903 1901
f 1813 1898 1903
f 1901 1903 1898
f 1780 1899 1906
f 1813 1905 1899
f 1815 1906 1905
f 1899 1905 1906
f 1779 1907 1902
f 1814 1908 1907
f 1813 1902 1908
f 1907 1908 1902
f 1783 1909 1911
f 1815 1910 1909
f 1814 1911 1910
f 1909 1910 1911
f 1813 1908 1905
f 1814 1910 1908
f 1815 1905 1910
f 1908 1910 1905
f 1780 1906 1913
f 1815 1912 1906
f 1817 1913 1912
f 1906 1912 1913
f 1783 1914 1909
f 1816 1915 1914
f 1815 1909 1915
f 1914 1915 1909
f 1785 1916 1918
f 1817 1917 1916
f 1816 1918 1917
f 1916 1917 1918
f 1815 1915 1912
f 1816 1917 1915
f 1817 1912 1917
f 1915 1917 1912
f 1780 1913 1889
f 1817 1919 1913
f 1809 1889 1919
f 1913 1919 1889
f 1785 1920 1916
f 1818 1921 1920
f 1817 1916 1921
f 1920 1921 1916
f 1786 1894 1923
f 1809 1922 1894
f 1818 1923 1922
f 1894 1922 1923
f 1817 1921 1919
f 1818 1922 1921
f 1809 1919 1922
f 1921 1922 1919
f 1781 1897 1865
f 1810 1924 1897
f 1802 1865 1924
f 1897 1924 1865
f 1786 1860 1892
f 1799 1925 1860
f 1810 1892 1925
f 1860 1925 1892
f 1782 1862 1856
f 1802 1926 1862
f 1799 1856 1926
f 1862 1926 1856
f 1810 1925 1924
f 1799 1926 1925
f 1802 1924 1926
f 1925 1926 1924
f 1779 1904 1872
f 1812 1927 1904
f 1804 1872 1927
f 1904 1927 1872
f 1781 1867 1900
f 1801 1928 1867
f 1812 1900 1928
f 1867 1928 1900
f 1788 1869 1863
f 1804 1929 1869
f 1801 1863 1929
f 1869 1929 1863
f 1812 1928 1927
f 1801 1929 1928
f 1804 1927 1929
f 1928 1929 1927
f 1783 1911 1879
f 1814 1930 1911
f 1806 1879 1930
f 1911 1930 1879
f 1779 1874 1907
f 1803 1931 1874
f 1814 1907 1931
f 1874 1931 1907
f 1787 1876 1870
f 1806 1932 1876
f 1803 1870 1932
f 1876 1932 1870
f 1814 1931 1930
f 1803 1932 1931
f 1806 1930 1932
f 1931 1932 1930
f 1785 1918 1886
f 1816 1933 1918
f 1808 1886 1933
f 1918 1933 1886
f 1783 1881 1914
f 1805 1934 1881
f 1816 1914 1934
f 1881 1934 1914
f 1784 1883 1877
f 1808 1935 1883
f 1805 1877 1935
f 1883 1935 1877
f 1816 1934 1933
f 1805 1935 1934
f 1808 1933 1935
f 1934 1935 1933
f 1786 1923 1858
f 1818 1936 1923
f 1800 1858 1936
f 1923 1936 1858
f 1785 1888 1920
f 1807 1937 1888
f 1818 1920 1937
f 1888 1937 1920
f 1778 1855 1884
f 1800 1938 1855
f 1807 1884 1938
f 1855 1938 1884
f 1818 1937 1936
f 1807 1938 1937
f 1800 1936 1938
f 1937 1938 1936
